Name,Cluster,Cluster_Name
Грузовой-бортовой,21,бортовой кму
Пикап,15,автоцистерна специализированный
Бронированный фургон,8,фургон автомобиль фургон
Грузопассажирский фургон,8,фургон автомобиль фургон
Изотермический фургон,5,изотермический фургон изотермический
Промтоварный фургон,8,фургон автомобиль фургон
Хлебный фургон,8,фургон автомобиль фургон
Цельнометаллический фургон,8,фургон автомобиль фургон
Седельный тягач,31,тягач седельный
Багги,15,автоцистерна специализированный
Автобус для перевозки детей,43,специальный автобус
Вахтовый автобус,43,специальный автобус
Городской автобус,43,специальный автобус
Междугородний автобус,43,специальный автобус
Ритуальный автобус,43,специальный автобус
Туристический автобус,43,специальный автобус
Автобетоновоз,15,автоцистерна специализированный
Автобетононасос,15,автоцистерна специализированный
Автобетоносмеситель,15,автоцистерна специализированный
Автогудронатор,15,автоцистерна специализированный
Автоцистерна,15,автоцистерна специализированный
Автоцистерна для нефтепродуктов,15,автоцистерна специализированный
Автоцистерна для СГ,15,автоцистерна специализированный
Автоцистерна пищевая,15,автоцистерна специализированный
Прицеп-рефрижератор,30,рефрижератор грузовой рефрижератор
Кормовоз,15,автоцистерна специализированный
Лесовоз,15,автоцистерна специализированный
Мусоровоз,15,автоцистерна специализированный
Сортиментовоз,13,сортиментовоз автомобиль сортиментовоз
Установка насосная,17,установка дробильный
Цементировочный агрегат,16,агрегат цементировочный
Катафалк,15,автоцистерна специализированный
Санитарный автомобиль,24,автомобиль специальный
Скорая помощь,15,автоцистерна специализированный
Автокран,15,автоцистерна специализированный
Бурильно-крановое ТС,14,машина бурильный
Фронтальный вилочный автопогрузчик,0,вилочный погрузчик
Маслозаправщик,15,автоцистерна специализированный
Топливозаправщик,15,автоцистерна специализированный
Аварийный автомобиль,24,автомобиль специальный
Автолаборатория,15,автоцистерна специализированный
Автолавка,15,автоцистерна специализированный
Автомастерская,15,автоцистерна специализированный
Автомобиль специальный,24,автомобиль специальный
Парогенераторная установка,17,установка дробильный
Автоподъемник с платформой,15,автоцистерна специализированный
Бортовой с КМУ,21,бортовой кму
Лесовоз с КМУ,21,бортовой кму
Автомастерская с КМУ,21,бортовой кму
Мультилифт с КМУ,21,бортовой кму
Самосвал с КМУ,42,самосвал автомобиль самосвал
Сортиментовоз с КМУ,13,сортиментовоз автомобиль сортиментовоз
Тягач седельный с КМУ,31,тягач седельный
Эвакуатор,1,эвакуатор специальный эвакуатор
Эвакуатор с КМУ,1,эвакуатор специальный эвакуатор
Прицеп-дизель-генератор,25,прицеп прицеп бортовой
Прицеп-компрессор,25,прицеп прицеп бортовой
Прицеп бортовой,25,прицеп прицеп бортовой
Прицеп промтоварный,25,прицеп прицеп бортовой
Прицеп самосвальный,25,прицеп прицеп бортовой
Прицеп-инсинератор,25,прицеп прицеп бортовой
Прицеп-трейлер,25,прицеп прицеп бортовой
Жатка,15,автоцистерна специализированный
Прицеп-цистерна,25,прицеп прицеп бортовой
Прицеп-контейнеровоз,11,контейнеровоз специализированный контейнеровоз
Прицеп-лесовоз,25,прицеп прицеп бортовой
Прицепная установка для ремонта дорог,17,установка дробильный
Прицеп-роспуск,25,прицеп прицеп бортовой
Прицеп-сортиментовоз,13,сортиментовоз автомобиль сортиментовоз
Полуприцеп изотермический,5,изотермический фургон изотермический
Полуприцеп самосвальный,2,полуприцеп тент
Полуприцеп-автовоз,2,полуприцеп тент
Полуприцеп-зерновоз,2,полуприцеп тент
Квадроцикл,15,автоцистерна специализированный
Полуприцеп-лесовоз,2,полуприцеп тент
Полуприцеп-панелевоз,2,полуприцеп тент
Полуприцеп-птицевоз,2,полуприцеп тент
Полуприцеп-рефрижератор,30,рефрижератор грузовой рефрижератор
Полуприцеп-скотовоз,2,полуприцеп тент
Полуприцеп-сортиментовоз,13,сортиментовоз автомобиль сортиментовоз
Полуприцеп-стекловоз,2,полуприцеп тент
Полуприцеп-трал,2,полуприцеп тент
Полуприцеп-тушевоз,2,полуприцеп тент
Полуприцеп-цветовоз,2,полуприцеп тент
Полуприцеп-цементовоз,2,полуприцеп тент
Полуприцеп-цистерна,2,полуприцеп тент
Мультилифт (Крюковой погрузчик),28,погрузчик телескопический
Полуприцеп-щеповоз,2,полуприцеп тент
Вилочный электропогрузчик,0,вилочный погрузчик
Самосвал,42,самосвал автомобиль самосвал
Ричстакер,38,перегружатель ричстакер
Ричтрак,23,ричтрак электрический
Погрузчик,28,погрузчик телескопический
Прицеп-ломовоз,25,прицеп прицеп бортовой
Электротележка,15,автоцистерна специализированный
Электроштабелер,15,автоцистерна специализированный
Коммунальный трактор,10,коммунальный машина коммунальный
Трактор,29,трактор промышленный
Борона,15,автоцистерна специализированный
Комбайн,37,комбайн зерноуборочный
Кормораздатчик,15,автоцистерна специализированный
Косилка,15,автоцистерна специализированный
Культиватор,15,автоцистерна специализированный
Машина для внесения удобрений,14,машина бурильный
Опрыскиватель,15,автоцистерна специализированный
Очиститель вороха,15,автоцистерна специализированный
Плуг,15,автоцистерна специализированный
Пресс-подборщик,15,автоцистерна специализированный
Сеялка,15,автоцистерна специализированный
Самосвал сочлененный,42,самосвал автомобиль самосвал
Дреноукладчики,15,автоцистерна специализированный
Каналокопатель,15,автоцистерна специализированный
Траншеекопатель,15,автоцистерна специализированный
Экскаватор многоковшовый,6,экскаватор погрузчик
Экскаватор одноковшовый,40,гусеничный экскаватор
Гусеничный бульдозер,40,гусеничный экскаватор
Колесный бульдозер,15,автоцистерна специализированный
Грейдер,15,автоцистерна специализированный
Скрепер,15,автоцистерна специализированный
Каток полуприцепной,41,каток дорожный
Каток прицепной,41,каток дорожный
Каток самоходный,41,каток дорожный
Асфальтоукладчик,15,автоцистерна специализированный
Бетоносмеситель,15,автоцистерна специализированный
Разметочная машина,14,машина бурильный
Растворонасос,15,автоцистерна специализированный
Фреза дорожная,41,каток дорожный
Бурильно-крановая машина,14,машина бурильный
Буровая машина,46,буровой установка
Копёр,15,автоцистерна специализированный
Форвардер,15,автоцистерна специализированный
Харвестер,15,автоцистерна специализированный
Коммунальная машина,10,коммунальный машина коммунальный
Машина для уборки помещений,14,машина бурильный
Газовый погрузчик,28,погрузчик телескопический
Башенный кран,9,кран кран манипулятор
Самоходный кран,9,кран кран манипулятор
Трубоукладчик,15,автоцистерна специализированный
Мини-погрузчик,28,погрузчик телескопический
Телескопический автопогрузчик,33,автопогрузчик дизельный
Мотоцикл,15,автоцистерна специализированный
Экскаватор-погрузчик,6,экскаватор погрузчик
Вагон-дом,15,автоцистерна специализированный
Прицеп тракторный самосвальный,19,тракторный прицеп тракторный
Прицеп-зерновоз,25,прицеп прицеп бортовой
Прицеп-опрыскиватель,25,прицеп прицеп бортовой
Прицеп-рециклер,25,прицеп прицеп бортовой
Прицеп-смешиватель,25,прицеп прицеп бортовой
Компрессор,15,автоцистерна специализированный
Вилочный автопогрузчик,0,вилочный погрузчик
Укладчик обочин,15,автоцистерна специализированный
Установка ГНБ,17,установка дробильный
Прицеп-самосвал,42,самосвал автомобиль самосвал
Агрегат для депарафинизации скважин,16,агрегат цементировочный
Дробильная установка,17,установка дробильный
Жилой модуль,15,автоцистерна специализированный
Ломовоз с КМУ,21,бортовой кму
Мобильный бетонный завод,15,автоцистерна специализированный
Очиститель-подборщик,15,автоцистерна специализированный
Перегружатель асфальта,38,перегружатель ричстакер
Полуприцеп-муковоз,2,полуприцеп тент
Прицеп-измельчитель,44,измельчитель прицеп измельчитель
Прицеп-пескоразбрасыватель,25,прицеп прицеп бортовой
Самосвал карьерный,42,самосвал автомобиль самосвал
Прицеп-парогенератор,25,прицеп прицеп бортовой
Мини-экскаватор,6,экскаватор погрузчик
Сварочный агрегат,16,агрегат цементировочный
Смеситель-кормораздатчик,15,автоцистерна специализированный
Снегоочиститель,26,снегоочиститель снегоочиститель шнекороторный
Установка смесительная,17,установка дробильный
Экскаватор-перегружатель,38,перегружатель ричстакер
Экскаватор-планировщик,6,экскаватор погрузчик
Прицеп-скотовоз,25,прицеп прицеп бортовой
Укладчик плитки,15,автоцистерна специализированный
Сортировочная установка,17,установка дробильный
Мульчер,15,автоцистерна специализированный
Валочно-пакетирующая,15,автоцистерна специализированный
Прицеп-рулоновоз,25,прицеп прицеп бортовой
Полуприцеп шторный,2,полуприцеп тент
Прицеп-мультилифт,25,прицеп прицеп бортовой
Полуприцеп-платформа,2,полуприцеп тент
Буровая установка,46,буровой установка
Бетоносмеситель,15,автоцистерна специализированный
Прицеп бортовой,25,прицеп прицеп бортовой
Прицеп бортовой,25,прицеп прицеп бортовой
Прицеп бортовой,25,прицеп прицеп бортовой
Лущильник,15,автоцистерна специализированный
Машина вакуумная,32,вакуумный подметальный
Снегоочиститель,26,снегоочиститель снегоочиститель шнекороторный
Автобус для перевозки инвалидов,43,специальный автобус
Зерновоз,15,автоцистерна специализированный
"Специальный, газоспасательный",43,специальный автобус
Европлатформа,15,автоцистерна специализированный
Машина илососная,14,машина бурильный
Маслостанция с КМУ,21,бортовой кму
Сортиментовоз с КМУ,13,сортиментовоз автомобиль сортиментовоз
Лесовоз с КМУ,21,бортовой кму
Ломовоз с КМУ,21,бортовой кму
Комбинированный автомобиль,24,автомобиль специальный
Трактор трелеровочный(скиддер),29,трактор промышленный
Скиддер,15,автоцистерна специализированный
Прицеп-пневмонагнетатель,25,прицеп прицеп бортовой
Багажный тягач,31,тягач седельный
Бункер-перегрузчик,15,автоцистерна специализированный
Фургон для перевозки опасных грузов,27,перевозка специализированный перевозка
Сортиментовоз с ГМУ,13,сортиментовоз автомобиль сортиментовоз
Буровой станок,46,буровой установка
Колтюбинговая установка,17,установка дробильный
Грабли,15,автоцистерна специализированный
Подъемник каротажный,4,подъемник самоходный
Ричстакер,38,перегружатель ричстакер
Автоцистерна вакуумная,32,вакуумный подметальный
Портальный погрузчик,28,погрузчик телескопический
Прицеп тракторный специальный,19,тракторный прицеп тракторный
Прицеп плавильно-заливочная установка,25,прицеп прицеп бортовой
Баровая грунторезная машина,14,машина бурильный
Автоцистерна пожарная,15,автоцистерна специализированный
Фронтальный погрузчик,3,одноковшовый фронтальный
Многофункциональный маневровый трактор,29,трактор промышленный
Погрузчик строительный,28,погрузчик телескопический
Аэродромная противообледенительная машина,14,машина бурильный
Амбулифт,15,автоцистерна специализированный
Автомобиль аэродромный пожарный,24,автомобиль специальный
Автомобиль для перевозки инвалидов,24,автомобиль специальный
Прицепная щепорубительная машина,14,машина бурильный
Полуприцеп-топливозаправщик,2,полуприцеп тент
Контейнерный погрузчик,28,погрузчик телескопический
Прицеп тракторный топливозаправщик,19,тракторный прицеп тракторный
Подъемник-погрузчик,4,подъемник самоходный
Компрессорная станция,15,автоцистерна специализированный
Агрегат кислотной обработки скважин,16,агрегат цементировочный
Минитрактор,15,автоцистерна специализированный
Автоцистерна нефтепромысловая,15,автоцистерна специализированный
Машина для строительства и содержания дорог,14,машина бурильный
Коленчатый подъемник,4,подъемник самоходный
Фронтальный лесопогрузчик,15,автоцистерна специализированный
Прицеп-лесовоз,25,прицеп прицеп бортовой
Прицеп-гудронатор,25,прицеп прицеп бортовой
Разбрасыватель удобрений,15,автоцистерна специализированный
Грузовой самосвал,42,самосвал автомобиль самосвал
Грузовой рефрижератор,30,рефрижератор грузовой рефрижератор
Полуприцеп бортовой,2,полуприцеп тент
Полуприцеп промтоварный,2,полуприцеп тент
Полуприцеп тентованный,2,полуприцеп тент
Прицеп торговый,25,прицеп прицеп бортовой
Грузовой рефрижератор с гидробортом,30,рефрижератор грузовой рефрижератор
Прицеп тентованный,25,прицеп прицеп бортовой
Каналопромывочная машина,14,машина бурильный
Машина для гидродинамической очистки канализационных сетей,14,машина бурильный
Полуприцеп-ломовоз,2,полуприцеп тент
Валочно-сучкорезно-раскряжевочная машина,14,машина бурильный
Контейнеровоз,11,контейнеровоз специализированный контейнеровоз
Гусеничный самосвал,42,самосвал автомобиль самосвал
Грохот,15,автоцистерна специализированный
Протравливатель семян,15,автоцистерна специализированный
Прицеп изотермический,25,прицеп прицеп бортовой
Бортовой с КБУ,21,бортовой кму
Фургон общего назначения,22,общий общий назначение
Грузовой фургон,8,фургон автомобиль фургон
Лодочный самоходный подъемник,4,подъемник самоходный
Полуприцеп,2,полуприцеп тент
Машина коммунально-строительная многоцелевая,10,коммунальный машина коммунальный
Прицеп-платформа,25,прицеп прицеп бортовой
Буровая установка,46,буровой установка
Полуприцеп-контейнеровоз,11,контейнеровоз специализированный контейнеровоз
Подборщик заказов,15,автоцистерна специализированный
Электрический подъемник с платформой,4,подъемник самоходный
Автогидроподъемник,15,автоцистерна специализированный
Оборачиватель лент льна,15,автоцистерна специализированный
Снегопогрузчик,15,автоцистерна специализированный
Электромобили,15,автоцистерна специализированный
Снегоход,15,автоцистерна специализированный
Блок манифольда,15,автоцистерна специализированный
Автофургон-рефрижератор,30,рефрижератор грузовой рефрижератор
Прицеп шторный,25,прицеп прицеп бортовой
Прицеп специальный подметально-уборочный,32,вакуумный подметальный
Прицеп-автовоз,25,прицеп прицеп бортовой
Смесительно-зарядная установка,17,установка дробильный
Кран-манипулятор,9,кран кран манипулятор
Прицеп-нагреватель,25,прицеп прицеп бортовой
Машины для внесения жидких органических удобрений,14,машина бурильный
Специализированные пассажирские транспортные средства,12,транспортный средство средство
Специализированное пассажирское ТС,12,транспортный средство средство
Снегоболотоход,20,снегоболотоход снегоболотоход колесный
Снегоход,15,автоцистерна специализированный
Прицеп-растворосмеситель,25,прицеп прицеп бортовой
Полуприцеп-тяжеловоз,2,полуприцеп тент
Газонокосилка,15,автоцистерна специализированный
Прицепной распределитель щебня,15,автоцистерна специализированный
Прицеп-пескоразбрасыватель,25,прицеп прицеп бортовой
Автомобиль-самосвал с КМУ,42,самосвал автомобиль самосвал
Аварийно-спасательный,15,автоцистерна специализированный
Грузовой-специальный,43,специальный автобус
Грузовой седельный тягач,31,тягач седельный
Автопогрузчик,33,автопогрузчик дизельный
Грузовой-тягач седельный,31,тягач седельный
Автомобиль-тягач седельный с КМУ,31,тягач седельный
Погрузчик фронтальный,3,одноковшовый фронтальный
Автопогрузчик вилочный,0,вилочный погрузчик
Каток дорожный,41,каток дорожный
Бортовая платформа с каркасом и тентом,21,бортовой кму
Автомобиль-мусоровоз,24,автомобиль специальный
Снегоболотоход,20,снегоболотоход снегоболотоход колесный
Седельный тягач с КМУ,31,тягач седельный
"Специализированный автомобиль, бортовой",24,автомобиль специальный
Автомобиль-фургон,8,фургон автомобиль фургон
Кран-манипулятор автомобильный,9,кран кран манипулятор
Автомобиль-фургон изотермический,5,изотермический фургон изотермический
Автомобиль грузовой с КМУ,24,автомобиль специальный
"Специализированный, самосвал",42,самосвал автомобиль самосвал
Передвижная мастерская,35,передвижной специальный передвижной
Автомобиль-сортиментовоз,13,сортиментовоз автомобиль сортиментовоз
"Специализированный, полуприцеп-цистерна",2,полуприцеп тент
"Специализированный, фургон",8,фургон автомобиль фургон
"Специализированный, прицеп для перевозки сменных кузовов",7,специализированный прицеп прицеп
"Специальный, седельный тягач",31,тягач седельный
Фронтальный колесный погрузчик,18,колесный погрузчик колесный
Баровая грунторезная машина,14,машина бурильный
Каток дорожный вибрационный,41,каток дорожный
Грузовой бортовой с КМУ,21,бортовой кму
"Специализированный, автомобиль фургон хлебный",8,фургон автомобиль фургон
Специальный автокран,43,специальный автобус
Автофургон изотермический,5,изотермический фургон изотермический
Бортовой,21,бортовой кму
Грузопассажирское ТС,15,автоцистерна специализированный
"Специализированный, для перевозки пищевых жидкостей",27,перевозка специализированный перевозка
Бортовая платформа с воротами,21,бортовой кму
Погрузчик вилочный,0,вилочный погрузчик
Очиститель зерна,15,автоцистерна специализированный
Полуприцеп общего назначения,22,общий общий назначение
"Специальный, мусоровоз",43,специальный автобус
"Специальный, мусоровоз с задней загрузкой",43,специальный автобус
Вакуумная уборочная коммунальная машина,10,коммунальный машина коммунальный
Прицеп,25,прицеп прицеп бортовой
Автосамосвал,15,автоцистерна специализированный
"Специализированный, полуприцеп-тяжеловоз",2,полуприцеп тент
Бункер наземный перегрузочный,15,автоцистерна специализированный
Фронтальный колесный мини-погрузчик,18,колесный погрузчик колесный
Вибрационный дорожный каток,41,каток дорожный
Полуприцеп самосвал,42,самосвал автомобиль самосвал
Смесительно-зарядная специальная,43,специальный автобус
"Специализированный, грузовой бортовой оснащенный краном-манипулятором",9,кран кран манипулятор
Автомобиль бортовой с КМУ,21,бортовой кму
Автомобиль грузопассажирский,24,автомобиль специальный
Мобильное дробильное оборудование (молотковая дробилка),15,автоцистерна специализированный
"Для перевозки продуктов питания, в том числе скоропортящихся",27,перевозка специализированный перевозка
Фургон изотермический,5,изотермический фургон изотермический
Автомобиль специальный с КМУ,24,автомобиль специальный
Самосвал-землевоз,42,самосвал автомобиль самосвал
Самосвал шарнирно-сочлененный,42,самосвал автомобиль самосвал
Автопогрузчик с вилочным захватом,0,вилочный погрузчик
Гидравлический свайный копер,15,автоцистерна специализированный
Экскаватор,6,экскаватор погрузчик
Копрово-бурильная установка,17,установка дробильный
Бортовая платформа,21,бортовой кму
Фреза,15,автоцистерна специализированный
Электропогрузчик,15,автоцистерна специализированный
Фургон-рефрижератор с гидробортом,8,фургон автомобиль фургон
Автогрейдер,15,автоцистерна специализированный
"Специализированный, бортовой полуприцеп с тентом",2,полуприцеп тент
"Специальный, экскаватор-планировщик",6,экскаватор погрузчик
"Специальный, грузовой бортовой оснащенный краном-манипулятором",9,кран кран манипулятор
Колесный экскаватор-погрузчик,6,экскаватор погрузчик
Кран стреловой короткобазный на колесном ходу,9,кран кран манипулятор
Полуприцеп мусоровозный,2,полуприцеп тент
Мотовездеход,15,автоцистерна специализированный
Передвижная лаборатория,35,передвижной специальный передвижной
"Специальный, прицеп информационный, предупреждающий",25,прицеп прицеп бортовой
"Специальный, автогазозаправщик",43,специальный автобус
Сельскохозяйственный погрузчик,45,сельскохозяйственный трактор
Погрузчик-ричстакер,38,перегружатель ричстакер
Машина горизонтально-направленного бурения,14,машина бурильный
"Специальный, машина строительная бурильная",14,машина бурильный
Подъемник ножничный,4,подъемник самоходный
Агрегат подъемный для ремонта и бурения скважин,16,агрегат цементировочный
"Специализированный, тягач лесовозный",31,тягач седельный
Электроавтобус,15,автоцистерна специализированный
Электрический гольфкар,15,автоцистерна специализированный
Трактор садовый,29,трактор промышленный
Ковшевой минипогрузчик,15,автоцистерна специализированный
"Специализированный, панелевоз",15,автоцистерна специализированный
Измельчитель,44,измельчитель прицеп измельчитель
"Специальный, агрегат для депарафинизации",16,агрегат цементировочный
"Специальный, пожарный автомобиль",24,автомобиль специальный
Каток вибрационный двухосный двухвальцовый,41,каток дорожный
Каток вибрационный двухосный,41,каток дорожный
Установка горизонтально-направленного бурения,17,установка дробильный
Трактор колесный сельскохозяйственный,45,сельскохозяйственный трактор
"Специализированный, для перевозки и временного хранения взрывчатых веществ и изделий",27,перевозка специализированный перевозка
"Специальный, мобильный медицинский кабинет",43,специальный автобус
Буровая самоходная установка,46,буровой установка
Измельчитель ветвей,44,измельчитель прицеп измельчитель
Бортовой полуприцеп без тента,2,полуприцеп тент
Гидравлическая буровая установка,46,буровой установка
Бурильная машина,14,машина бурильный
Автоэвакуатор с КМУ,21,бортовой кму
Полноповоротный погрузчик-экскаватор,6,экскаватор погрузчик
Грузовой автомобиль общего назначения,22,общий общий назначение
"Специализированный, для перевозки животных",27,перевозка специализированный перевозка
Прицеп для перевозки техники и грузов,25,прицеп прицеп бортовой
Установка мобильная дробильно-сортировочная,17,установка дробильный
Автоцистерна заправочная,15,автоцистерна специализированный
Асфальтоукладчик колесный,15,автоцистерна специализированный
"Специальный, прицеп подметально-уборочный",32,вакуумный подметальный
Многоцелевая коммунально-строительная машина,10,коммунальный машина коммунальный
"Специальный, автолавка",43,специальный автобус
Автопогрузчик контейнерный,33,автопогрузчик дизельный
Трактор промышленный колесный,29,трактор промышленный
Ресайклер дорожный,41,каток дорожный
Мини-кран,9,кран кран манипулятор
Машина смесительная для стабилизации и регенерации дорожного полотна,41,каток дорожный
"Специализированный, автомобиль-тягач",31,тягач седельный
Измельчитель прицепной,44,измельчитель прицеп измельчитель
Установка сваебойная гидравлическая самоходная на гусеничном ходу,36,гусеничный ход гусеничный
"Специальный, для приготовления, подогрева и транспортировки литого асфальта",43,специальный автобус
"Специальный, бортовой с гидробортом",43,специальный автобус
Шахтный самосвал,42,самосвал автомобиль самосвал
Дробилка конусная,15,автоцистерна специализированный
Щековая дробилка,15,автоцистерна специализированный
Рециклер асфальтобетона,15,автоцистерна специализированный
"Специализированный, грузовой бортовой",21,бортовой кму
Автомобиль бортовой с тентом,24,автомобиль специальный
Прицеп к л/а,25,прицеп прицеп бортовой
"Специальный, автобетоносмеситель",43,специальный автобус
Фронтальный минипогрузчик,15,автоцистерна специализированный
Автомобиль-рефрижератор,30,рефрижератор грузовой рефрижератор
Грузовой фургон рефрижератор,8,фургон автомобиль фургон
Кран автомобильный,9,кран кран манипулятор
"Специализированный, кран-манипулятор автомобильный (бортовой)",9,кран кран манипулятор
Самоходная гидравлическая установка,17,установка дробильный
"Специализированный, грузовой тентованный",15,автоцистерна специализированный
Рефрижератор,30,рефрижератор грузовой рефрижератор
Платформа с гидроподъемником,15,автоцистерна специализированный
Автобус пассажирский,43,специальный автобус
"Специальный, оснащенный краном-манипулятором",9,кран кран манипулятор
"Специализированный, самосвал с КМУ",42,самосвал автомобиль самосвал
Грузовой прочий,15,автоцистерна специализированный
Специализированные прочие,15,автоцистерна специализированный
Бульдозер,15,автоцистерна специализированный
"Специальный, автоэвакуатор",43,специальный автобус
Прицеп-рубильная установка,25,прицеп прицеп бортовой
"Специальный, передвижной мобильный комплекс",35,передвижной специальный передвижной
Каток дорожный самоходный вибрационный,41,каток дорожный
Самоходный ножничный подъемник,4,подъемник самоходный
Бетоносмесительная машина с функцией самозагрузки,14,машина бурильный
Автомобиль-самосвал,42,самосвал автомобиль самосвал
Машина дорожная универсальная,41,каток дорожный
Погрузчик малогабаритный колесный,28,погрузчик телескопический
Полуприцеп грузовой,2,полуприцеп тент
Автомобиль-тягач специальный,31,тягач седельный
Мастерская с КМУ,21,бортовой кму
Специализированный для перевозки сжиженных углеводородных газов,27,перевозка специализированный перевозка
"Специальный, лаборатория",43,специальный автобус
Опрыскиватель самоходный,4,подъемник самоходный
Транспортное средство для оказания ритуальных услуг,12,транспортный средство средство
Короткобазовый кран,9,кран кран манипулятор
Автомобиль-ломовоз с КМУ,24,автомобиль специальный
"Специализированный, рефрижератор",30,рефрижератор грузовой рефрижератор
Машина для выемки грунта,14,машина бурильный
Бизнес-купе,15,автоцистерна специализированный
Автомобиль грузовой,24,автомобиль специальный
Погрузчик телескопический,28,погрузчик телескопический
Специализированный для перевозки нефтепродуктов,27,перевозка специализированный перевозка
Автомобиль спецназначения,24,автомобиль специальный
Автотопливозаправщик,15,автоцистерна специализированный
Автомобиль бортовой,24,автомобиль специальный
Прицеп грузовой специальный,25,прицеп прицеп бортовой
Специализированный автокран,15,автоцистерна специализированный
Погрузчик одноковшовый фронтальный,3,одноковшовый фронтальный
Свеклоуборочный комбайн,37,комбайн зерноуборочный
"Специализированный, автофургон",15,автоцистерна специализированный
Автофургон,15,автоцистерна специализированный
"Специализированный, фургон изотермический",5,изотермический фургон изотермический
Автомобиль-тягач лесовозный с ГМ,31,тягач седельный
"Специализированный, самосвал с КМУ",42,самосвал автомобиль самосвал
"Специальный, автомобиль-мастерская аварийно-ремонтная",24,автомобиль специальный
Автомобиль вакуумный,32,вакуумный подметальный
"Специальный, автомобиль-тягач лесовозный с ГМ",31,тягач седельный
Бункер-накопитель перегрузочный,15,автоцистерна специализированный
"Специальный, для обслуживания нефтяных и газовых скважин",43,специальный автобус
"Специализированный, сортиментовоз оснащенный краном-манипулятором",9,кран кран манипулятор
Установка разведочного бурения,17,установка дробильный
Бункеровоз,15,автоцистерна специализированный
Каток вибрационный,41,каток дорожный
Автомобиль бортовой со шторным механизмом,24,автомобиль специальный
Погрузчик одноковшовый колесный,3,одноковшовый фронтальный
Автомобиль специальный,24,автомобиль специальный
Автомобиль аварийно-технической службы,24,автомобиль специальный
"Специальный, автолавка",43,специальный автобус
"Специализированный, автотопливозаправщик",15,автоцистерна специализированный
"Специальный, автогидроподъемник",43,специальный автобус
"Специальный, мультилифт",43,специальный автобус
"Специализированный, полуприцеп-контейнеровоз",11,контейнеровоз специализированный контейнеровоз
Автомобиль-фургон с грузоподъемным бортом,8,фургон автомобиль фургон
Самоходная бурильная машина,14,машина бурильный
Погрузчик-штабелер,28,погрузчик телескопический
Тягач лесовозный с ГМ,31,тягач седельный
Фронтальный вилочный погрузчик,0,вилочный погрузчик
Машина универсальная лесная,14,машина бурильный
Погрузчик строительный пневмоколесный одноковшовый фронтальный,3,одноковшовый фронтальный
Бортовой с тентом и воротами,21,бортовой кму
Специальный автомобиль аварийно-спасательный,24,автомобиль специальный
Фургон изотермический с грузоподъемным бортом,5,изотермический фургон изотермический
"Специальный, бурильно-крановая машина",14,машина бурильный
Перегружатель колесный,38,перегружатель ричстакер
Автоэвакуатор,15,автоцистерна специализированный
Полуприцеп тракторный,19,тракторный прицеп тракторный
"Специальный, машина комбинированная",14,машина бурильный
"Специальный, самосвал",42,самосвал автомобиль самосвал
Фургон,8,фургон автомобиль фургон
Установка горизонтального направленного бурения,17,установка дробильный
"Специальный, седельный тягач с КМУ",31,тягач седельный
Сельскохозяйственный трактор,45,сельскохозяйственный трактор
"Специализированный, фургон для перевозки пищевых продуктов",27,перевозка специализированный перевозка
"Специальный, самосвал оснащенный краном-манипулятором",9,кран кран манипулятор
Погрузчик фронтальный телескопический,28,погрузчик телескопический
Автопогрузчик с вилочным захватом,0,вилочный погрузчик
Коммунальная дорожная машина,10,коммунальный машина коммунальный
Грузовой бортовой оснащенный краном-манипулятором,9,кран кран манипулятор
"Специальный, грузовой бортовой оснащенный краном-манипулятором",9,кран кран манипулятор
Автомобиль специальный (мультилифт),24,автомобиль специальный
Колесный трактор,29,трактор промышленный
Погрузчик универсальный с бортовым поворотом,28,погрузчик телескопический
"Специальный, машина илососная",14,машина бурильный
Специальный автомобиль-тягач лесовозный с КМУ,31,тягач седельный
Самозагружающийся мобильный бетоносмеситель,15,автоцистерна специализированный
Грузовой бортовой с манипулятором,21,бортовой кму
"Специализированный, автомобиль-ломовоз с КМУ",24,автомобиль специальный
Прицеп специальный,25,прицеп прицеп бортовой
Прицеп эвакуатор,1,эвакуатор специальный эвакуатор
Погрузчик экскаватор колесный,6,экскаватор погрузчик
Полуприцеп с бортовой платформой,2,полуприцеп тент
"Специальный, для аварийно-спасательных служб",43,специальный автобус
Установка промысловая паровая передвижная,35,передвижной специальный передвижной
"Специализированный, самосвал с ГМУ",42,самосвал автомобиль самосвал
Полуприцеп-цистерна транспортная,2,полуприцеп тент
Погрузчик,28,погрузчик телескопический
Каток,41,каток дорожный
"Специальный, электротехническая лаборатория",43,специальный автобус
Дорожная лаборатория,41,каток дорожный
Полуприцеп борт платформа с тентом,2,полуприцеп тент
Комбайн зерноуборочный самоходный,37,комбайн зерноуборочный
"Специализированный, автоцистерна",27,перевозка специализированный перевозка
"Специальный, машина смесительно-зарядная",14,машина бурильный
Автомобиль-фургон (рефрижератор),8,фургон автомобиль фургон
Комбайн кормоуборочный,37,комбайн зерноуборочный
Безбортовой полуприцеп с тентом,2,полуприцеп тент
Установка насосная для цементирования скважин,17,установка дробильный
Передвижная парогенераторная установка,35,передвижной специальный передвижной
Тягач лесовозный с КМУ (ГМ),31,тягач седельный
Кран стреловой на гусеничном ходу,36,гусеничный ход гусеничный
"Специализированный, для перевозки крупногабаритных и тяжеловесных грузов",27,перевозка специализированный перевозка
"Специализированный, автоцистерна для перевозки кислоты",27,перевозка специализированный перевозка
"Специализированный, для перевозки нефтепродуктов",27,перевозка специализированный перевозка
Сельскохозяйственный трактор колесный,45,сельскохозяйственный трактор
Бортовой с тентом,21,бортовой кму
"Специальный, самосвал с ГМУ",42,самосвал автомобиль самосвал
Погрузчик сельскохозяйственный,45,сельскохозяйственный трактор
Цистерна вакуумная,32,вакуумный подметальный
"Специальный, автомобиль-металловоз с КМУ",24,автомобиль специальный
Самоходная буровая установка,46,буровой установка
Дорожный мастер,41,каток дорожный
Фронтальный погрузчик одноковшовый колесный,3,одноковшовый фронтальный
Сортиментовоз с гидроманипулятором,13,сортиментовоз автомобиль сортиментовоз
Подъемник коленчатый,4,подъемник самоходный
Электрический автопогрузчик,33,автопогрузчик дизельный
Мини-погрузчик сочлененный фронтальный,28,погрузчик телескопический
"Специализированный, для перевозки крупногабаритных и тяжеловесных грузов",27,перевозка специализированный перевозка
"Специализированный, сортиментовоз с ГМ",13,сортиментовоз автомобиль сортиментовоз
Универсальная машина дорожная,41,каток дорожный
"Специальный, для коммунального хозяйства и содержания дорог",10,коммунальный машина коммунальный
"Специализированный, бортовой полуприцеп без тента",2,полуприцеп тент
Тягач,31,тягач седельный
Кран стреловой,9,кран кран манипулятор
Полуприцеп фургон,8,фургон автомобиль фургон
Кран-манипулятор автомобильный (бортовой),9,кран кран манипулятор
Одноковшовый погрузчик-экскаватор,6,экскаватор погрузчик
Комбайн зерноуборочный,37,комбайн зерноуборочный
Погрузчик одноковшовый,3,одноковшовый фронтальный
Электротягач,15,автоцистерна специализированный
Электропогрузчик с вилочным захватом,0,вилочный погрузчик
Каток дорожный самоходный,41,каток дорожный
Автомобиль скорой медицинской помощи,24,автомобиль специальный
Кран-трубоукладчик,9,кран кран манипулятор
"Специальный, передвижная парогенераторная установка",35,передвижной специальный передвижной
Погрузчик фронтальный одноковшовый,3,одноковшовый фронтальный
"Специальный, прицеп-самосвал",42,самосвал автомобиль самосвал
Цистерна для пищевых жидкостей,15,автоцистерна специализированный
Подъемник прицеп гидравлический,25,прицеп прицеп бортовой
Специальное (кран-манипулятор автомобильный (седельный тягач)),9,кран кран манипулятор
Гусеничный экскаватор,40,гусеничный экскаватор
Мини погрузчик фронтальный,28,погрузчик телескопический
Прицеп тракторный сельскохозяйственный,19,тракторный прицеп тракторный
Бортовой с краном-манипулятором,9,кран кран манипулятор
Автопогрузчик,33,автопогрузчик дизельный
Агрегат сварочный самоходный,16,агрегат цементировочный
Экскаватор одноковшовый погрузчик-универсальный,6,экскаватор погрузчик
Установка статического зондирования,17,установка дробильный
"Специальный, грузовой седельный тягач",31,тягач седельный
Бортовой с г/м,21,бортовой кму
"Специальный, грузопассажирский автомобиль",24,автомобиль специальный
"Специальный, грузовой тягач седельный",31,тягач седельный
Грузовой фургон изотермический,5,изотермический фургон изотермический
"Специализированный, автоцистерна вакуумная",32,вакуумный подметальный
Грузовой бортовой тентованый,21,бортовой кму
Агрегат сварочный самоходный гусеничный,16,агрегат цементировочный
"Специализированный, фургон рефрижератор",8,фургон автомобиль фургон
"Специальный, автоцистерна пожарная",43,специальный автобус
Бортовая платформа,21,бортовой кму
"Специальный, для перевозки сменных кузовов",27,перевозка специализированный перевозка
Фургон рефрижератор,8,фургон автомобиль фургон
Погрузчик одноковшовый фронтальный колесный,3,одноковшовый фронтальный
Сортиментовозный прицеп,25,прицеп прицеп бортовой
Бортовой автомобиль с КМУ,21,бортовой кму
"Специальный, передвижная дизельная насосная установка",35,передвижной специальный передвижной
"Специализированный, полуприцеп-самосвал",42,самосвал автомобиль самосвал
Стреловой кран,9,кран кран манипулятор
Погрузчик колесный,28,погрузчик телескопический
Автоцистерна АКН,15,автоцистерна специализированный
Мини-погрузчик с бортовым поворотом,28,погрузчик телескопический
Пожарный автомобиль комбинированного тушения,24,автомобиль специальный
Бульдозер гусеничный,40,гусеничный экскаватор
"Специализированный, для перевозки зерна и комбикорма",27,перевозка специализированный перевозка
Шарнирно-сочлененный самосвал,42,самосвал автомобиль самосвал
"Специализированный, цистерна",15,автоцистерна специализированный
Мастерская,15,автоцистерна специализированный
Вилочный погрузчик,0,вилочный погрузчик
"Специализированный, автомобиль-металловоз с ГМ",24,автомобиль специальный
Автомобиль-фургон изотермический с грузоподъемным бортом,5,изотермический фургон изотермический
Погрузчик вилочный,0,вилочный погрузчик
Грузовой промтоварный,15,автоцистерна специализированный
Прицеп тракторный,19,тракторный прицеп тракторный
"Специальный, самосвал с КМУ",42,самосвал автомобиль самосвал
Сортиментовоз с ГМ,13,сортиментовоз автомобиль сортиментовоз
"Специальный, многофункциональная комбинированная дорожная машина",41,каток дорожный
"Специализированный, автомобиль-сортиментовоз с КМУ",13,сортиментовоз автомобиль сортиментовоз
Автомобиль ритуальный,24,автомобиль специальный
Машина комбинированная,14,машина бурильный
"Специальный, автобетононасос",43,специальный автобус
Полуприцеп тракторный самосвальный,19,тракторный прицеп тракторный
"Специальный, автомобиль грузовой для перевозки оборудования дорожного мастера",24,автомобиль специальный
Самоходный сваевдавливающий копер,15,автоцистерна специализированный
Машина дорожная комбинированная,41,каток дорожный
Экскаватор гусеничный,40,гусеничный экскаватор
Цистерна,15,автоцистерна специализированный
Грузовой изотермический с гидробортом,5,изотермический фургон изотермический
Прицеп измельчитель древесный,44,измельчитель прицеп измельчитель
Машина распределяющая полуприцепная,14,машина бурильный
Погрузчик для подземных работ,28,погрузчик телескопический
Шахтный самосвал для подземных работ,42,самосвал автомобиль самосвал
Машина уборочная,14,машина бурильный
"Специализированный, транспортное средство для перевозки опасных грузов",12,транспортный средство средство
Погрузчик-экскаватор,6,экскаватор погрузчик
Трактор промышленный,29,трактор промышленный
"Специализированный, полуприцеп сортиментовозный",2,полуприцеп тент
"Специальный, полуприцеп-самосвал",42,самосвал автомобиль самосвал
Полуприцеп фургон рефрижератор,8,фургон автомобиль фургон
"Специальный, бортовой с КМУ",21,бортовой кму
"Специализированный, лесовоз",15,автоцистерна специализированный
Первичный измельчитель,44,измельчитель прицеп измельчитель
"Специальный, аварийная служба",43,специальный автобус
Вилочный погрузчик,0,вилочный погрузчик
Погрузчик колесный фронтальный,28,погрузчик телескопический
"Автомобиль бортовой с краном-манипулятором""",9,кран кран манипулятор
Каток ручной,41,каток дорожный
"Специализированный, автомобиль грузовой с КМУ",24,автомобиль специальный
Прицеп-автолавка,25,прицеп прицеп бортовой
Автомобиль медицинской службы,24,автомобиль специальный
"Специальный, лаборатория передвижная",35,передвижной специальный передвижной
Тягач седельный,31,тягач седельный
Автомобиль зерновоз,24,автомобиль специальный
Экскаватор одноковшовый колесный,40,гусеничный экскаватор
Автомобиль-самосвал с КМУ (ломовоз),42,самосвал автомобиль самосвал
Погрузчик одноковшовый специальный фронтальный,3,одноковшовый фронтальный
"Специализированный, сортиментовоз",13,сортиментовоз автомобиль сортиментовоз
Автомобиль специальный бортовой с краном-манипулятором,9,кран кран манипулятор
"Специальный, рефрижератор",30,рефрижератор грузовой рефрижератор
Автобус,43,специальный автобус
Крюковой погрузчик,28,погрузчик телескопический
Электрическая тележка,15,автоцистерна специализированный
Экскаватор-перегружатель колесный,38,перегружатель ричстакер
Многофункциональный погрузчик фронтальный,3,одноковшовый фронтальный
"Специализированный, для перевозки пищевых жидкостей",27,перевозка специализированный перевозка
Машина для очистки канализационных сетей,14,машина бурильный
Для перевозки грузов общего назначения,22,общий общий назначение
Комбинированная дорожная машина,41,каток дорожный
Бортовая платформа с КМУ,21,бортовой кму
Ресайклер,15,автоцистерна специализированный
Кран стреловой короткобазовый,9,кран кран манипулятор
Перегружатель,38,перегружатель ричстакер
Вилочный дизельный автопогрузчик,33,автопогрузчик дизельный
Агрегат для сбора газового конденсата и нефти,16,агрегат цементировочный
Телескопический погрузчик,28,погрузчик телескопический
Передвижная осветительная мачта,35,передвижной специальный передвижной
Дизельный автопогрузчик,33,автопогрузчик дизельный
"Специальный, комбинированная дорожная машина",41,каток дорожный
Распределитель вяжущих материалов,15,автоцистерна специализированный
Машина коммунальная,10,коммунальный машина коммунальный
"Специализированный, автомобиль-самосвал",42,самосвал автомобиль самосвал
Погрузчик,28,погрузчик телескопический
Землевоз с шарнирно-сочлененной рамой,15,автоцистерна специализированный
Тягач специальный,31,тягач седельный
Каток траншейный самоходный,15,автоцистерна специализированный
Прицеп самосвальный трехосный,25,прицеп прицеп бортовой
Кран самоходный,9,кран кран манипулятор
Дробилка щековая,15,автоцистерна специализированный
"Специализированный, для перевозки зерна и комбикорма",27,перевозка специализированный перевозка
Автомобиль-тягач лесовозный,31,тягач седельный
"Специализированный, седельный тягач для буксировки полуприцепов для перевозки опасных грузов",31,тягач седельный
Электропогрузчик вилочный,0,вилочный погрузчик
Фургон промтоварный,8,фургон автомобиль фургон
"Специальный, автомобиль вахтовый",24,автомобиль специальный
Трактор гусеничный сельскохозяйственный,45,сельскохозяйственный трактор
Автомобиль-фургон рефрижератор с грузоподъемным гидробортом,8,фургон автомобиль фургон
Самоходный смеситель кормораздатчик,15,автоцистерна специализированный
"Специальный, агрегат цементировочный",16,агрегат цементировочный
Бульдозер колесный универсальный,15,автоцистерна специализированный
Погрузчик фронтальный колесный,18,колесный погрузчик колесный
"Специальный, сортиментовоз с КМУ",13,сортиментовоз автомобиль сортиментовоз
Погрузчик фронтальный с телескопической стрелой,28,погрузчик телескопический
Снегоболотоход гусеничный,20,снегоболотоход снегоболотоход колесный
Прицеп-зерновоз,25,прицеп прицеп бортовой
Грузовой изотермический,5,изотермический фургон изотермический
Специальный АСМП,43,специальный автобус
Прицеп-роспуск лесовозный,25,прицеп прицеп бортовой
"Специальный, рефрижератор",30,рефрижератор грузовой рефрижератор
"Машина для строительства, содержания и ремонта лесовозных дорог",14,машина бурильный
Снегоуплотнительная машина,14,машина бурильный
Снегоболотоход колесный,20,снегоболотоход снегоболотоход колесный
Автомобиль-самосвал с краном-манипулятором,9,кран кран манипулятор
"Специальный, автобус",43,специальный автобус
"Специализированный, автомобиль-сортиментовоз",13,сортиментовоз автомобиль сортиментовоз
"Специальный, автомобиль грузовой дорожный мастер-разметочная",24,автомобиль специальный
Машина самоходная для фрезерования почвы,14,машина бурильный
Экскаватор-планировщик ПМС,6,экскаватор погрузчик
Трактор колесный,29,трактор промышленный
Грузопассажирский,15,автоцистерна специализированный
Кран,9,кран кран манипулятор
Мобильная установка разведочного бурения,17,установка дробильный
Каток,41,каток дорожный
"Специальный, передвижная буровая установка",46,буровой установка
Мастерская передвижная,35,передвижной специальный передвижной
Подъемник мачтовый телескопический,4,подъемник самоходный
"Специальный, автомобиль медицинской службы",24,автомобиль специальный
Тягач трелевочный,31,тягач седельный
Полуприцеп специальный,2,полуприцеп тент
Снегоочиститель шнекороторный,26,снегоочиститель снегоочиститель шнекороторный
Транспортно-гусеничный вездеход,40,гусеничный экскаватор
Машина льдозаливочная,14,машина бурильный
Электрический ричтрак,23,ричтрак электрический
Грузовой с бортовой платформой,21,бортовой кму
Бетононасос,15,автоцистерна специализированный
Автомобильный кран стреловой,9,кран кран манипулятор
Сельскохозяйственный опрыскиватель,45,сельскохозяйственный трактор
"Специальный, мастерская",43,специальный автобус
"Специальный, подъемник автомобильный",4,подъемник самоходный
Гусеничная трелевочная,40,гусеничный экскаватор
"Специальный, автотопливозаправщик",43,специальный автобус
Кормоуборочный комбайн,37,комбайн зерноуборочный
"Специализированный, прицеп-самосвал",7,специализированный прицеп прицеп
"Специальный, машина комбинированная уборочная",14,машина бурильный
Поломоечная машина,14,машина бурильный
"Специальный, установка промысловая паровая передвижная",35,передвижной специальный передвижной
Автопогрузчик,33,автопогрузчик дизельный
"Специальный, оснащенный подъемником с рабочей платформой",34,рабочий платформа рабочий
Зерноуборочный комбайн,37,комбайн зерноуборочный
Трактор гусеничный,29,трактор промышленный
Установка сортировочная передвижная (грохот),39,сортировочная сортировочная установка
"Специальный, машина бурильно шнековая",14,машина бурильный
Самоходная лесная машина,14,машина бурильный
Автомобиль кран-манипулятор,9,кран кран манипулятор
Погрузчик на колесном ходу с навесной экскаваторной установкой,28,погрузчик телескопический
"Специализированный, для перевозки колесногусеничной техники",27,перевозка специализированный перевозка
Трактор промышленный на гусеничном ходу,36,гусеничный ход гусеничный
Снегоочиститель роторный,26,снегоочиститель снегоочиститель шнекороторный
Штабелер,15,автоцистерна специализированный
Автомобиль-сортиментовоз с гидроманипулятором,13,сортиментовоз автомобиль сортиментовоз
Полноповоротный гидравлический мини-экскаватор,6,экскаватор погрузчик
Грузовой автобетононасос,15,автоцистерна специализированный
Самоходный опрыскиватель,4,подъемник самоходный
Фургон для хлебобулочных изделий,8,фургон автомобиль фургон
"Специальный, автомобиль-ломовоз с КМУ",24,автомобиль специальный
Прицеп для перевозки грузов,25,прицеп прицеп бортовой
Карьерный самосвал,42,самосвал автомобиль самосвал
"Специализированный, прицеп сортиментовоз",7,специализированный прицеп прицеп
Машина погрузочно-транспортная,14,машина бурильный
"Специальный, крюковой погрузчик",28,погрузчик телескопический
"Специальный, автобетоносмеситель",43,специальный автобус
"Специальный, ломовоз с КМУ",21,бортовой кму
Прицеп прочее,25,прицеп прицеп бортовой
"Специальный, установка смесительная для гидратации смесей",17,установка дробильный
Самоходный барабанный просеиватель,15,автоцистерна специализированный
Смеситель-раздатчик кормов,15,автоцистерна специализированный
"Специальное транспортное средство, автогудронатор",12,транспортный средство средство
"Специальный, машина вакуумная",32,вакуумный подметальный
"Специальный, автомобиль для перевозки трупов",24,автомобиль специальный
Автомобиль металловоз с КМУ,24,автомобиль специальный
Погрузчик-перегружатель контейнерный ричстакер,38,перегружатель ричстакер
Трактор гусеничный с бульдозерным оборудованием,29,трактор промышленный
Погрузчик колесный ковшовый,28,погрузчик телескопический
Автомобиль-сортиментовоз с ГМУ,13,сортиментовоз автомобиль сортиментовоз
Грузовой-контейнеровоз,11,контейнеровоз специализированный контейнеровоз
Прицеп автомобильный,25,прицеп прицеп бортовой
Машина для коммунального и дорожного хозяйства,10,коммунальный машина коммунальный
Компрессор передвижной,35,передвижной специальный передвижной
Плуг полунавесной оборотный,15,автоцистерна специализированный
Колесный вилочный автопогрузчик,0,вилочный погрузчик
Машина сваебойная,14,машина бурильный
"Специальный, пассажирское транспортное средство",12,транспортный средство средство
Прицепной растворосмеситель,15,автоцистерна специализированный
Грузовой-автокран,15,автоцистерна специализированный
Навесной оборотный плуг,15,автоцистерна специализированный
Каток кольчато-зубчатый,15,автоцистерна специализированный
Автомобиль-фургон специализированный (рефрижератор),8,фургон автомобиль фургон
Предназначен для перевозки хлебобулочных изделий,27,перевозка специализированный перевозка
"Специализированный, для перевозки зерна и комбикорма",27,перевозка специализированный перевозка
Грузовой фургон цельнометаллический,8,фургон автомобиль фургон
Машина каналопромывочная,14,машина бурильный
Каток дорожный грунтовый,41,каток дорожный
Автобус специальный,43,специальный автобус
Мобильная буровая система,46,буровой установка
"Специализированный, катафалк",15,автоцистерна специализированный
Мусоровоз с задней загрузкой,15,автоцистерна специализированный
Мобильный барабанный просеиватель,15,автоцистерна специализированный
Трактор малогабаритный,29,трактор промышленный
"Специальный, лесовоз с КМУ",21,бортовой кму
Автопогрузчик электрический,33,автопогрузчик дизельный
Снегоочиститель шнекороторный,26,снегоочиститель снегоочиститель шнекороторный
Самоходная бетоносмесительная установка,17,установка дробильный
"Специальный, машина каналопромывочная",14,машина бурильный
Автогрейдер колесный,15,автоцистерна специализированный
Комбайн кормоуборочный самоходный высокопроизводительный,37,комбайн зерноуборочный
Прицеп специальный тракторный,19,тракторный прицеп тракторный
"Специальный, катафалк",43,специальный автобус
"Специальный, портальный погрузчик",28,погрузчик телескопический
Установка сваебойная копровая,17,установка дробильный
"Специализированный, прицеп-тяжеловоз",7,специализированный прицеп прицеп
Машина энергетическая самоходная,14,машина бурильный
Разбрасыватель песка тракторный,19,тракторный прицеп тракторный
Компрессор прицепной,15,автоцистерна специализированный
Специализированный цистерна,15,автоцистерна специализированный
Автобус общего назначения,22,общий общий назначение
"Специальный, аварийноремонтная мастерская",43,специальный автобус
Фургон хлебный,8,фургон автомобиль фургон
Передвижная автомастерская,35,передвижной специальный передвижной
Ледозаливочная машина,14,машина бурильный
Автомобиль-фургон специальный,8,фургон автомобиль фургон
Погрузчик малогабаритный,28,погрузчик телескопический
Автомобиль-вахта,24,автомобиль специальный
Строительный фронтальный одноковшовый колесный погрузчик,3,одноковшовый фронтальный
"Специальный, подъемник автомобильный типа ПСС",4,подъемник самоходный
Гусеничный кран,40,гусеничный экскаватор
Комбайн самоходный зерноуборочный,37,комбайн зерноуборочный
Прицеп-станция компрессорная,25,прицеп прицеп бортовой
"Специальный, передвижная компрессорная станция",35,передвижной специальный передвижной
Установка мобильная сортировочная,39,сортировочная сортировочная установка
Электрический коленчатый подъемник,4,подъемник самоходный
Автомобиль-сортиментовоз с ГМ,13,сортиментовоз автомобиль сортиментовоз
Автомобиль сортиментовоз,13,сортиментовоз автомобиль сортиментовоз
Автомобиль-фургон специальный,8,фургон автомобиль фургон
Специальный автоэвакуатор оснащенный краном-манипулятором,9,кран кран манипулятор
Специальный автогудронатор,43,специальный автобус
Трактор сельскохозяйственный,45,сельскохозяйственный трактор
Прицеп тракторный сельскохозяйственный специальный,19,тракторный прицеп тракторный
Комплекс кормоуборочный высокопроизводительный,15,автоцистерна специализированный
Агрегат подъемный для ремонта и бурения скважин самоходный,16,агрегат цементировочный
Каток дорожный самоходный тандемный вибрационный,41,каток дорожный
Автомобиль бортовой специализированный,24,автомобиль специальный
"Специализированный, лесовоз с КМУ",21,бортовой кму
Дорожно-разметочная машина,41,каток дорожный
Прицеп специальный тентованный,25,прицеп прицеп бортовой
Бортовая тентованная платформа,21,бортовой кму
"Специализированный, полуприцеп изотермический",5,изотермический фургон изотермический
"Специальный, для рубки древесины",43,специальный автобус
Экскаватор одноковшовый гусеничный,40,гусеничный экскаватор
Контейнерный перегружатель ричстакер,38,перегружатель ричстакер
Кран монтажный специальный,9,кран кран манипулятор
Снегоболотоход многоцелевой,20,снегоболотоход снегоболотоход колесный
Экскаватор-погрузчик фронтальный,6,экскаватор погрузчик
Трактор колесный малогабаритный,29,трактор промышленный
"Специализированный, прицеп-контейнеровоз",11,контейнеровоз специализированный контейнеровоз
"Прицеп, фургон изотермический",5,изотермический фургон изотермический
Электрический погрузчик,28,погрузчик телескопический
Автомобиль-фургон общего назначения,22,общий общий назначение
"Специализированный, трубоплетевоз",15,автоцистерна специализированный
"Специализированный, прицеп-роспуск трубоплетевозный",7,специализированный прицеп прицеп
Автомобиль-самосвал специальный с КМУ,42,самосвал автомобиль самосвал
"Специальный, прицепной измельчитель",44,измельчитель прицеп измельчитель
Комбинированный посевной комплекс,15,автоцистерна специализированный
"Специальный, оснащенный броневой защитой",43,специальный автобус
Автомобиль-фургон специализированный,8,фургон автомобиль фургон
Прицеп-фургон общего назначения,22,общий общий назначение
Самоходная косилка,4,подъемник самоходный
Косилка с двигателем,15,автоцистерна специализированный
"Специализированный, для перевозки автомобилей",27,перевозка специализированный перевозка
Автомобиль для выездной торговли,24,автомобиль специальный
Дизельный погрузчик,28,погрузчик телескопический
"Платформа с передним высоким бортом, с тентом и задними распашными воротами",15,автоцистерна специализированный
Погрузчик ковшовый,28,погрузчик телескопический
Валочно-пакетирующая машина,14,машина бурильный
Полуприцеп самосвальный ковшовый тракторный,19,тракторный прицеп тракторный
"Специальный, мастерская передвижная с КМУ",35,передвижной специальный передвижной
"Специализированный, автомобиль для перевозки и временного хранения взрывчатых веществ",27,перевозка специализированный перевозка
Сваебойная машина,14,машина бурильный
"Специализированный, контейнеровоз",11,контейнеровоз специализированный контейнеровоз
Прицепная тракторная подметально-уборочная машина,32,вакуумный подметальный
Дизельная насосная станция,15,автоцистерна специализированный
Перегружатель ленточного типа,38,перегружатель ричстакер
Грунтовый каток,41,каток дорожный
Машина бурильная геологоразведочная,14,машина бурильный
"Специальный, для ямочного ремонта асфальтобетонного покрытия",43,специальный автобус
Анти-сегрегационный перегружатель,38,перегружатель ричстакер
Трактор с бульдозерным и рыхлительным оборудованием,29,трактор промышленный
Мастерская специальная,43,специальный автобус
"Специализированный, транспортное средство для перевозки нефтепродуктов",12,транспортный средство средство
Самоходная плита для укладки литого асфальта,15,автоцистерна специализированный
Прицепной растворонасос,15,автоцистерна специализированный
Машина для внесения твердых органических удобрений,14,машина бурильный
Бетоноукладчик,15,автоцистерна специализированный
Кран гусеничный,40,гусеничный экскаватор
Прицеп-фудтрак,25,прицеп прицеп бортовой
Универсальная строительная машина,14,машина бурильный
Специальный эвакуатор с КМУ,1,эвакуатор специальный эвакуатор
Автомобиль эвакуатор,1,эвакуатор специальный эвакуатор
Самоходная бурильная установка,17,установка дробильный
Кран колесный,9,кран кран манипулятор
Пожарная автоцистерна,15,автоцистерна специализированный
"Специальный, прицеп для перевозки транспортных средств",12,транспортный средство средство
Контейнеровоз специальный,11,контейнеровоз специализированный контейнеровоз
Автомобиль специальный (эвакуатор),1,эвакуатор специальный эвакуатор
Машина гусеничная трелевочная,14,машина бурильный
Специальный эвакуатор,1,эвакуатор специальный эвакуатор
Установка подъемная передвижная,17,установка дробильный
Автомобиль вахтовый специальный,24,автомобиль специальный
Автофургон-рефрижератор с гидробортом,30,рефрижератор грузовой рефрижератор
Погрузчик телескопический сельскохозяйственный,45,сельскохозяйственный трактор
Автомобиль-фургон (рефрижератор) с грузоподъемным бортом,8,фургон автомобиль фургон
Дорожный каток,41,каток дорожный
Мобильный подъемник с рабочей платформой,34,рабочий платформа рабочий
Электромобиль,15,автоцистерна специализированный
Самоходная буровая машина,46,буровой установка
"Грузовые, рефрижераторы",30,рефрижератор грузовой рефрижератор
Грузовой-кран,9,кран кран манипулятор
"Грузовые, бортовые",21,бортовой кму
Многофункциональная самоходная платформа,15,автоцистерна специализированный
"Специализированный, прицеп для перевозки снегоболотохода",7,специализированный прицеп прицеп
Вакуумная подметально-уборочная машина,32,вакуумный подметальный
Прицепная подметально-уборочная машина,32,вакуумный подметальный
Прицеп тракторный двухосный,19,тракторный прицеп тракторный
Гусеничная транспортая машина,14,машина бурильный
Каток двухосный трехвальцовый,15,автоцистерна специализированный
Агрегат цементировочный,16,агрегат цементировочный
"Специальный, передвижной пункт питания",35,передвижной специальный передвижной
"Специализированный, полуприцеп для перевозки скота",2,полуприцеп тент
Агрегат почвообрабатывающий дисковый,16,агрегат цементировочный
"Специальный, вакуумно-подметательная машина",32,вакуумный подметальный
Перевозка продуктов питания,27,перевозка специализированный перевозка
Мобильная сваебойная установка,17,установка дробильный
Вибрационный каток,41,каток дорожный
Автопогрузчик с дизельным двигателем,33,автопогрузчик дизельный
Лесовозный прицеп,25,прицеп прицеп бортовой
Полуприцеп раздвижной,2,полуприцеп тент
Машина дорожная разметочная,41,каток дорожный
Виброкаток двухвальцовый,15,автоцистерна специализированный
Полуприцеп самосвал с манипулятором,42,самосвал автомобиль самосвал
Самоходный вилочный погрузчик,0,вилочный погрузчик
Газовый автопогрузчик,33,автопогрузчик дизельный
Дорожная фреза,41,каток дорожный
"Специализированный, прицеп-цистерна",7,специализированный прицеп прицеп
Трактор гусеничный промышленный,29,трактор промышленный
"Специализированный, прицеп-роспуск",7,специализированный прицеп прицеп
Автомобиль с краном-манипулятором,9,кран кран манипулятор
Специализированный пассажирский,12,транспортный средство средство
Универсальная машина для лесного хозяйства,14,машина бурильный
Самосвал с шарнирно-сочлененной рамой,42,самосвал автомобиль самосвал
"Специализированный, для перевозки автомобилей",27,перевозка специализированный перевозка
Автомобиль бортовой со шторным механизмом с распашными воротами,24,автомобиль специальный
Упаковщик рулонов,15,автоцистерна специализированный
Мобильный измельчитель,44,измельчитель прицеп измельчитель
Экскаватор многоковшовый цепной,6,экскаватор погрузчик
"Специальный, мобильный офис",43,специальный автобус
Грейдер полуприцепной,15,автоцистерна специализированный
Машина для коммунального хозяйства,10,коммунальный машина коммунальный
Прицеп тракторный универсальный,19,тракторный прицеп тракторный
"Специализированный, рефрижератор",30,рефрижератор грузовой рефрижератор
Снегоболотоход колесный малогабаритный,20,снегоболотоход снегоболотоход колесный
Трактор с бульдозерным оборудованием,29,трактор промышленный
Погрузчик с бортовым поворотом,28,погрузчик телескопический
Машина дорожная разметочная,41,каток дорожный
"Специальный, установка разведочного бурения",17,установка дробильный
"Специальный, машина подметально-вакуумная",32,вакуумный подметальный
Машина бурильная шнековая,14,машина бурильный
Самоходный колесный погрузчик,18,колесный погрузчик колесный
Тракторный сдвижной полуприцеп,19,тракторный прицеп тракторный
Бетоносмеситель с самозагрузкой,15,автоцистерна специализированный
Экскаватор колесный,6,экскаватор погрузчик
Фронтальный вилочный погрузчик,0,вилочный погрузчик
"Специализированный, для перевозки животных",27,перевозка специализированный перевозка
"Специальный, сортиментовоз",13,сортиментовоз автомобиль сортиментовоз
Косилка самоходная,4,подъемник самоходный
Вакуумно подметальная машина,32,вакуумный подметальный
Автомобиль-крюковой погрузчик,28,погрузчик телескопический
Кран самоходный на гусеничном ходу,36,гусеничный ход гусеничный
Автовышка,15,автоцистерна специализированный
Прицеп грузовой трехосный,25,прицеп прицеп бортовой
"Специальный, передвижная компрессорная станция",35,передвижной специальный передвижной
Бетоносмеситель самоходный,4,подъемник самоходный
Компактор,15,автоцистерна специализированный
Бетоносмеситель с функцией самозагрузки,15,автоцистерна специализированный
Машина для внесения пылевидных химмелиорантов,14,машина бурильный
"Специальный, бункер для перевозки и разгрузки сухих кормов",15,автоцистерна специализированный
Прицеп коммунальный комбинированный,25,прицеп прицеп бортовой
Подъемник специальный многофункциональный,4,подъемник самоходный
Погрузчик полноповоротный,28,погрузчик телескопический
Самоходный колесный погрузчик,18,колесный погрузчик колесный
"Специальный, пневмонагнетатель",43,специальный автобус
"Специальный, для работы с жидкими химическими реагентами",43,специальный автобус
Машина лесная погрузочно-разгрузочная,14,машина бурильный
"Специальный, фургон оснащенный краном-манипулятором",9,кран кран манипулятор
"Специальный, автопогрузчик",33,автопогрузчик дизельный
Прицеп со специализированным кузовом,25,прицеп прицеп бортовой
Самоходный коленчатый подъемник,4,подъемник самоходный
Ножничный подъемник,4,подъемник самоходный
Пассажирский фургон,8,фургон автомобиль фургон
Автомобиль-мастерская,24,автомобиль специальный
"Специализированный, транспортное средство для перевозки опасных грузов",12,транспортный средство средство
Полуприцеп автомобильный,2,полуприцеп тент
Лаборатория перфораторной станции,15,автоцистерна специализированный
Подъемник каротажный самоходный,4,подъемник самоходный
Бульдозер с неповоротным отвалом,15,автоцистерна специализированный
"Специализированный, ломовоз",15,автоцистерна специализированный
Средство энергетическое универсальное,15,автоцистерна специализированный
Электрический штабелер-ричтрак,23,ричтрак электрический
Снегоболотоход двухзвенный гусеничный,20,снегоболотоход снегоболотоход колесный
"Специализированный, транспортное средство для перевозки нефтепродуктов",12,транспортный средство средство
Вибрационный источник сейсмических сигналов,15,автоцистерна специализированный
"Специальный, крюковой погрузчик с КМУ",28,погрузчик телескопический
Установка буровая,46,буровой установка
Мобильный грохот,15,автоцистерна специализированный
Самосвальный полуприцеп,2,полуприцеп тент
Микроавтобус электрический,15,автоцистерна специализированный
Картофелесажалка,15,автоцистерна специализированный
Бетоносмесительная машина,14,машина бурильный
Автопогрузчик фронтальный,33,автопогрузчик дизельный
Полуприцеп-дробильная установка,17,установка дробильный
Пневмоударный буровой станок,46,буровой установка
"Специальный, подъемник-кран стреловой",9,кран кран манипулятор
Грузовой полуприцеп общего назначения,22,общий общий назначение
Мобильная буровая установка,46,буровой установка
Каток грунтовый,41,каток дорожный
Установка для регенерации асфальтобетона,17,установка дробильный
"Специальный, для перевозки сменных кузовов",27,перевозка специализированный перевозка
Снегоочиститель фрезерно-роторный,26,снегоочиститель снегоочиститель шнекороторный
"Специализированный, цементовоз",15,автоцистерна специализированный
Самоходный гусеничный мульчер,36,гусеничный ход гусеничный
Полноповоротный экскаватор-перегружатель,38,перегружатель ричстакер
Роторная буровая установка,46,буровой установка
Дизельный вилочный автопогрузчик,33,автопогрузчик дизельный
"Специальный, передвижная парогенераторная установка",35,передвижной специальный передвижной
Грузовой бортовой тентованый с распашными воротами,21,бортовой кму
"Специальный, экскаватор",6,экскаватор погрузчик
Прицепной пневмонагнетатель,15,автоцистерна специализированный
Гусеничный вездеход,40,гусеничный экскаватор
"Специализированный, автомобиль вахтовый",24,автомобиль специальный
Кран стреловой самоходный,9,кран кран манипулятор
Телескопический подъемник,4,подъемник самоходный
Бортовая платформа с тентом,21,бортовой кму
"Специальный, фургон с гидробортом",8,фургон автомобиль фургон
"Специальный, прицеп-туалет",25,прицеп прицеп бортовой
Пескоразбрасыватель полуприцепной тракторный,19,тракторный прицеп тракторный
Прицеп тракторный трехосный,19,тракторный прицеп тракторный
Двухвальцовый вибрационный каток,41,каток дорожный
Машина для выемки и перемещения грунта,14,машина бурильный
Каток вибрационный комбинированный двухосный,41,каток дорожный
"Специализированный, для перевозки сжиженных углеводородных газов",27,перевозка специализированный перевозка
"Специализированный, пассажирское транспортное средство",12,транспортный средство средство
Машина фрезерная,14,машина бурильный
Самосвал,42,самосвал автомобиль самосвал
Вилочный автопогрузчик колесный,0,вилочный погрузчик
Трелевочный трактор,29,трактор промышленный
"Специализированный, транспортное средство для перевозки длинномерных грузов",12,транспортный средство средство
Полуприцеп грузовой четырехосный,2,полуприцеп тент
Копер гусеничный,40,гусеничный экскаватор
Рефрижератор с гидробортом,30,рефрижератор грузовой рефрижератор
Снегопогрузчик лаповый,15,автоцистерна специализированный
"Специализированный, сортиментовоз с ГМУ",13,сортиментовоз автомобиль сортиментовоз
"Специальный, агрегат цементировочный",16,агрегат цементировочный
"Специальный, автобус для перевозки пассажиров и грузов",43,специальный автобус
Трактор для сельскохозяйственных работ,45,сельскохозяйственный трактор
Автопогрузчик вилочный фронтальный,0,вилочный погрузчик
Каналопромывочная,15,автоцистерна специализированный
Трактор колесный для сельскохозяйственных работ,45,сельскохозяйственный трактор
Прицеп вагон-дом передвижной,25,прицеп прицеп бортовой
Прицеп-здание мобильное,25,прицеп прицеп бортовой
прицеп-шасси,25,прицеп прицеп бортовой
Прицеп тракторный-вагон-дом передвижной,19,тракторный прицеп тракторный
Бортовая тентованная,21,бортовой кму
Вагон-дом передвижной,35,передвижной специальный передвижной
Прицеп-здание мобильное контейнерного типа с собственной ходовой частью,25,прицеп прицеп бортовой
"Специализированный, прицеп-роспуск лесовозный",7,специализированный прицеп прицеп
Погрузчик фронтальный одноковшовый самоходный,3,одноковшовый фронтальный
Опрыскиватель-разбрасыватель самоходный,4,подъемник самоходный
Установка насосная для кислотной обработки скважин,17,установка дробильный
Бортовой полуприцеп с тентом,2,полуприцеп тент
"Специальный, агрегат для депарафинизации скважин",16,агрегат цементировочный
"Специальный, для перевозки сменных кузовов оснащенный устройством погрузки и разгрузки",27,перевозка специализированный перевозка
Гусеничная энергетическая самоходная машина,14,машина бурильный
"Специальный, для обслуживания нефтяных и газовых скважин",43,специальный автобус
Мобильная щековая дробилка,15,автоцистерна специализированный
Бурильная установка,17,установка дробильный
Вилочный дизельный погрузчик,0,вилочный погрузчик
Бетононасос стационарный,15,автоцистерна специализированный
"Специальный, автобус для перевозки детей",43,специальный автобус
Подъемник специальный многофункциональный на базе снегохода,4,подъемник самоходный
"Специальный, машина вакуумная подметальная",32,вакуумный подметальный
Рефрижератор с гидроподъемным бортом,30,рефрижератор грузовой рефрижератор
Самоходный колесно-реверсный трактор,29,трактор промышленный
"Специальный, универсальный моторный подогреватель",43,специальный автобус
Колесный экскаватор,6,экскаватор погрузчик
Погрузчик самоходный,28,погрузчик телескопический
Машина для стабилизации и регенерации дорожного полотна,41,каток дорожный
Прицеп тракторный-осушитель,19,тракторный прицеп тракторный
"Специальный, передвижная дизельная насосная установка",35,передвижной специальный передвижной
"Специальный, установка смесительная для гидратации смесей",17,установка дробильный
Лаборатория электротехническая,15,автоцистерна специализированный
Автомобиль лесовоз с ГМ,24,автомобиль специальный
Машина поливомоечная полуприцепная,14,машина бурильный
Автопогрузчик колесный вилочный,0,вилочный погрузчик
Компрессор воздушный на колесных шасси,15,автоцистерна специализированный
Телескопическая подъемная тележка,15,автоцистерна специализированный
Подметально-уборочная машина,32,вакуумный подметальный
"Специальный, бункер с устройством распределения",43,специальный автобус
"Специальный, передвижная мастерская с КМУ",35,передвижной специальный передвижной
Машина коммунальная полуприцепная,10,коммунальный машина коммунальный
Установка на гусеничном ходу,36,гусеничный ход гусеничный
Полуприцеп лесотранспортный,2,полуприцеп тент
Роторная буровая самоходная установка,46,буровой установка
Экскаватор гидравлический на гусеничном ходу с грузоподъемным оборудованием,36,гусеничный ход гусеничный
Сваевдавливающий копер,15,автоцистерна специализированный
Фронтальный погрузчик для сельского хозяйства,28,погрузчик телескопический
Автомобиль-бетономешалка,24,автомобиль специальный
Универсальный фронтальный мини-погрузчик с бортовым поворотом,28,погрузчик телескопический
Погрузчик универсальный,28,погрузчик телескопический
"Специализированный, автоцистерна для технической воды и соляных растворов",15,автоцистерна специализированный
Коммунальная машина для уборки дорог и тротуаров,10,коммунальный машина коммунальный
"Специализированный, для перевозки и временного хранения взрывчатых веществ и изделий",27,перевозка специализированный перевозка
Кран стреловой самоходный на гусеничном ходу,36,гусеничный ход гусеничный
Подъемник,4,подъемник самоходный
Экскаватор гидравлический,6,экскаватор погрузчик
"Специальный, передвижной склад взрывчатых материалов и средств инициирования",35,передвижной специальный передвижной
Комбайн картофелеуборочный,37,комбайн зерноуборочный
Подъемник коленчатый с рабочей платформой,34,рабочий платформа рабочий
"Специальный, передвижной дизель-генератор",35,передвижной специальный передвижной
Экскаватор одноковшовый гусеничный гидравлический,40,гусеничный экскаватор
Минипогрузчик с боковым поворотом,15,автоцистерна специализированный
Самоходный кормосмеситель,4,подъемник самоходный
Мобильная роторная дробилка,15,автоцистерна специализированный
Автоцистерна для транспортировки сжиженного углеводородного газа,15,автоцистерна специализированный
Газонокосильная машина,14,машина бурильный
Автомобиль-бетоносмеситель,24,автомобиль специальный
"Специальный, мобильный офис",43,специальный автобус
"Специальный, автомобиль автодом",24,автомобиль специальный
Кран гидравлический,9,кран кран манипулятор
Пескоразбрасывающая поливомоечная,15,автоцистерна специализированный
Лаборатория специальная,43,специальный автобус
Грузовой с КМУ,21,бортовой кму
Погрузчик на колесном ходу,28,погрузчик телескопический
Полноповоротный гусеничный экскаватор,40,гусеничный экскаватор
Машина самоходная энергетическая,14,машина бурильный
Ричтрак электрический,23,ричтрак электрический
Подъемник самоходный стреловой,4,подъемник самоходный
"Специальный, оснащенный подъемником с рабочей платформой",34,рабочий платформа рабочий
Самоходная установка разведочного бурения,17,установка дробильный
Грузовой крюковой погрузчик,28,погрузчик телескопический
Азотная станция,15,автоцистерна специализированный
Гусеничный стреловой кран,9,кран кран манипулятор
Полуприцеп тракторный герметичный,19,тракторный прицеп тракторный
Карьерный экскаватор,6,экскаватор погрузчик
Погрузчик штабелер вилочный,0,вилочный погрузчик
Самоходный бетононасос,4,подъемник самоходный
Погрузчик телескопический вилочный,0,вилочный погрузчик
Подъемник телескопический,4,подъемник самоходный
Рубильная машина,14,машина бурильный
Лесозаготовительный комплекс,15,автоцистерна специализированный
Специальная дорожная машина,41,каток дорожный
Подъемник с рабочей платформой специальный многофункциональный,34,рабочий платформа рабочий
"Специальный, для сбора нефти и газового конденсата",43,специальный автобус
Перевозчик взрывчатых материалов,15,автоцистерна специализированный
"Специальный, мультилифт с КМУ",21,бортовой кму
Автомобиль-самосвал,42,самосвал автомобиль самосвал
Трактор колесный сельскохозяйственного назначения,45,сельскохозяйственный трактор
Автобус с возможностью перевозки инвалидов,43,специальный автобус
"Специальный, прицеп автодом",25,прицеп прицеп бортовой
Коленчатый самоходный подъемник,4,подъемник самоходный
Экскаватор колесно-гусеничный,40,гусеничный экскаватор
Фронтальный погрузчик одноковшовый,3,одноковшовый фронтальный
Каток дорожный тандемный,41,каток дорожный
Самоходная щековая дробилка,15,автоцистерна специализированный
Самоходная сортировочная установка,39,сортировочная сортировочная установка
Электрический вилочный погрузчик,0,вилочный погрузчик
Одноковшовый погрузчик,3,одноковшовый фронтальный
Полумобильная вертикальная роторная дробилка,15,автоцистерна специализированный
Рефрижератор с грузоподъемным бортом,30,рефрижератор грузовой рефрижератор
Машина коммунально-уборочная,10,коммунальный машина коммунальный
Барабанный грохот,15,автоцистерна специализированный
Снегоболотоход колесный с буровой установкой,46,буровой установка
Буровая роторная установка,46,буровой установка
Специальный для разметки дорог,43,специальный автобус
Прицепной мини экскаватор,6,экскаватор погрузчик
"Специализированный, контейнеровоз",11,контейнеровоз специализированный контейнеровоз
Вибрационный каток дорожный,41,каток дорожный
Передвижная сортировочная установка,39,сортировочная сортировочная установка
Зернометатель,15,автоцистерна специализированный
Кран-манипулятор,9,кран кран манипулятор
Погрузочно-доставочная машина,14,машина бурильный
Гусеничный трактор,29,трактор промышленный
"Специальный, седельный тягач с лебедкой для погрузки грузов на полуприцеп",31,тягач седельный
Автопогрузчик вилочный,0,вилочный погрузчик
Самоходная сваебойная установка,17,установка дробильный
"Специальное транспортное средство, автоэвакуатор",12,транспортный средство средство
Подъемник самоходный телескопический,4,подъемник самоходный
Прицеп-тяжеловоз,25,прицеп прицеп бортовой
Автобетоносмеситель,15,автоцистерна специализированный
Трактор колесный сельскохозяйственный общего назначения,45,сельскохозяйственный трактор
Полуприцеп-тележка для перевозки скота,2,полуприцеп тент
Экскаватор гусеничный гидравлический полноповоротный,40,гусеничный экскаватор
Погрузчик фронтальный одноковшовый самоходный с бортовым поворотом,3,одноковшовый фронтальный
Самоходная установка горизонтального направленного бурения,17,установка дробильный
Самоходный подъемник со стрелой пантографного типа,4,подъемник самоходный
Самоходная установка для горизонтального направленного бурения на гусеничном ходу,36,гусеничный ход гусеничный
"Специальный, автоцистерна",43,специальный автобус
"Специальный, машина вакуумная комбинированная",32,вакуумный подметальный
"Специализированный, для перевозки сменных кузовов",27,перевозка специализированный перевозка
Подъемник самоходный,4,подъемник самоходный
Экскаватор гидравлический полноповоротный,6,экскаватор погрузчик
Грузовой фургон рефрижератор с грузоподъемным бортом,8,фургон автомобиль фургон
"Специализированный, для перевозки хлебобулочных изделий",27,перевозка специализированный перевозка
Подметально-уборочная вакуумная машина,32,вакуумный подметальный
Машина коммунальная строительная,10,коммунальный машина коммунальный
Фронтальный одноковшовый погрузчик на колесном ходу,3,одноковшовый фронтальный
Установка буровая передвижная для ремонта скважин,46,буровой установка
Колёсный погрузчик,18,колесный погрузчик колесный
Каток дорожный асфальтовый,41,каток дорожный
"Специальный, мусоровоз с задней загрузкой, с КМУ",43,специальный автобус
Самоходный телескопический погрузчик,28,погрузчик телескопический
Гидравлический экскаватор,6,экскаватор погрузчик
Самоходная роторная буровая установка,46,буровой установка
Измельчитель отходов,44,измельчитель прицеп измельчитель
Прицеп к снегоболотоходу,20,снегоболотоход снегоболотоход колесный
Вилочный штабелер,0,вилочный погрузчик
Погрузчик гусеничный,28,погрузчик телескопический
Машина универсальная,14,машина бурильный
Аэродромный перронный автобус,43,специальный автобус
Самоходный пассажирский трап,15,автоцистерна специализированный
Аэродромный трап самоходный,15,автоцистерна специализированный
Полуприцеп бункер-перегрузчик,2,полуприцеп тент
Перевалочная машина,14,машина бурильный
Торкерт установка,17,установка дробильный
Культиватор-глубокорыхлитель полунавесной,15,автоцистерна специализированный
"Специальный, мойщик контейнеров",43,специальный автобус
Гусеничный финишный З-дековый грохот,15,автоцистерна специализированный
Экскаватор гидравлический на гусеничном ходу,36,гусеничный ход гусеничный
Строительная лаборатория,15,автоцистерна специализированный
Экскаватор на гусеничном ходу,36,гусеничный ход гусеничный
Буровая крановая установка,46,буровой установка
Подъемник с рабочей платформой передвижной механизированный,34,рабочий платформа рабочий
Мастерская передвижная с КМУ,35,передвижной специальный передвижной
Машина трелевочная гусеничная,14,машина бурильный
Экскаватор одноковшовый гусеничный полноповоротный,40,гусеничный экскаватор
Полуприцеп низкорамный,2,полуприцеп тент
"Специальный, машина для очистки канализационных сетей",14,машина бурильный
"Специализированный, фургон для перевозки пищевых продуктов",27,перевозка специализированный перевозка
Автопогрузчик дизельный,33,автопогрузчик дизельный
Полуприцеп для перевозки скота,2,полуприцеп тент
Автомобиль с бортовой платформой и КМУ,21,бортовой кму
Подъемная рабочая платформа,34,рабочий платформа рабочий
Агрегат подъемный для ремонта скважин,16,агрегат цементировочный
Колесный мини-погрузчик с бортовым поворотом,28,погрузчик телескопический
Передвижная подъемная рабочая платформа,34,рабочий платформа рабочий
"Специальный, мобильный медицинский комплекс",43,специальный автобус
"Специализированный, для перевозки крупногабаритных шин",27,перевозка специализированный перевозка
Буровая фреза,46,буровой установка
Колесный сельскохозяйственный трактор,45,сельскохозяйственный трактор
Экскаватор-погрузчик колесный,6,экскаватор погрузчик
Экскаватор на колесном ходу,6,экскаватор погрузчик
Мини-копровая установка на гусеничном ходу,36,гусеничный ход гусеничный
"Бульдозер на гусеничном ходу, с неповоротным отвалом",36,гусеничный ход гусеничный
Бортовая платформа с тентом и воротами,21,бортовой кму
"Специализированный, прицеп для перевозки водной техники",7,специализированный прицеп прицеп
Моторный подогреватель,15,автоцистерна специализированный
Мобильный ножничный подъёмник с рабочей платформой,34,рабочий платформа рабочий
Транспортировщик паллет,15,автоцистерна специализированный
Ножничный подъемник,4,подъемник самоходный
Автобус перронный,43,специальный автобус
Бензиновый погрузчик,28,погрузчик телескопический
Гусеничный кран с решетчатой стрелой,40,гусеничный экскаватор
Машина дорожная,41,каток дорожный
Фронтальный одноковшовый самоходный погрузчик,3,одноковшовый фронтальный
Машина строительная бурильная,14,машина бурильный
"Специальный, передвижной комплекс обеспечения безопасности дорожного движения",35,передвижной специальный передвижной
Колесный экскаватор одноковшовый полноповоротный,40,гусеничный экскаватор
Полуприцеп платформа с тентом,2,полуприцеп тент
"Специальный, для коммунального хозяйства",10,коммунальный машина коммунальный
Полуприцеп тракторный коммунальный,19,тракторный прицеп тракторный
Дробильная установка роторная,17,установка дробильный
Кран стреловой самоходный на короткобазовом шасси,9,кран кран манипулятор
Фронтальный малогабаритный погрузчик,28,погрузчик телескопический
Погрузчик-экскаватор самоходный колесный,6,экскаватор погрузчик
"Специальный, насосный агрегат",16,агрегат цементировочный
Колесный погрузчик,18,колесный погрузчик колесный
Бетонораспределительная стрела,15,автоцистерна специализированный
Машина для разрушений,14,машина бурильный
"Специализированный, пассажирский автомобиль",12,транспортный средство средство
Мобильная конусная дробилка,15,автоцистерна специализированный
Полуприцеп для обработки,2,полуприцеп тент
Передвижная лаборатория электрохимзащиты и ремонта трубопроводов,15,автоцистерна специализированный
Машина для расчистки просек,14,машина бурильный
Лесной измельчительный комплекс,15,автоцистерна специализированный
"Специальный, дробильно-сортировочная установка",17,установка дробильный
Экскаватор одноковшовый колёсный полноповоротный,40,гусеничный экскаватор
Экскаватор колесный одноковшовый полноповоротный,40,гусеничный экскаватор
"Специальный, мастерская передвижная",35,передвижной специальный передвижной
Экскаватор универсальный колесный одноковшовый гидравлический,40,гусеничный экскаватор
Подметально-всасывающая машина,32,вакуумный подметальный
Грузовой пневмоколесный карьерный самосвал,42,самосвал автомобиль самосвал
Автобус городской,43,специальный автобус
Штабелер самоходный,4,подъемник самоходный
Самоходная торкрет-установка,17,установка дробильный
Прицеп раздатчик кормов тракторный,25,прицеп прицеп бортовой
Комбайн картофелеуборочный самоходный,37,комбайн зерноуборочный
"Специальный, фургон изотермический",5,изотермический фургон изотермический
Подъёмник с рабочей платформой передвижной механизированный,34,рабочий платформа рабочий
Снегоболотоход квадроцикл,20,снегоболотоход снегоболотоход колесный
Фронтальный погрузчик с телескопической стрелой и вилочным захватом,0,вилочный погрузчик
Погрузчики колесные сельскохозяйственные,45,сельскохозяйственный трактор
Машина аэродромная уборочная,14,машина бурильный
Культиватор прицепной комбинированный,15,автоцистерна специализированный
Снегоболотоход колёсный малогабаритный,20,снегоболотоход снегоболотоход колесный
Полуприцеп фургон общего назначения,22,общий общий назначение
Полуприцеп-фургон (изотермический),5,изотермический фургон изотермический
Подъемник телескопический с рабочей платформой,34,рабочий платформа рабочий
Одноковшовый минипогрузчик,15,автоцистерна специализированный
Самоходный вилочный электропогрузчик,0,вилочный погрузчик
"Специальный, аттракцион",43,специальный автобус
Электрокар,15,автоцистерна специализированный
Ворошитель,15,автоцистерна специализированный
Агрегат передвижной сварочный,16,агрегат цементировочный
Погрузчик с вилочным захватом,0,вилочный погрузчик
Мобильная сортировочная установка,39,сортировочная сортировочная установка
Мобильная дробильная установка,17,установка дробильный
Универсальная машина,14,машина бурильный
Самоходный экскаватор-погрузчик,6,экскаватор погрузчик
Автопогрузчики малогабаритные,33,автопогрузчик дизельный
Каток дорожный пневмошинный,41,каток дорожный
Каток дорожный тандемный вибрационный комбинированный,41,каток дорожный
"Специальный, кабельный транспортер",43,специальный автобус
Бульдозер промышленный,15,автоцистерна специализированный
Средства малой механизации садово-огородного применения механизированные тракторы малогабаритные,29,трактор промышленный
Полуприцеп-цистерна тракторный,19,тракторный прицеп тракторный
Компрессорная винтовая установка на полуприцепе тракторном,19,тракторный прицеп тракторный
Универсальный самоходный разбрасыватель,15,автоцистерна специализированный
Каток дорожный пневмоколёсный,41,каток дорожный
Экскаватор гусеничный одноковшовый полноповоротный,40,гусеничный экскаватор
Кран короткобазный,9,кран кран манипулятор
"Специальный, АСМП (Класс С)",43,специальный автобус
Прицеп тракторный подметальный самозагружающийся,19,тракторный прицеп тракторный
Погрузчик электрический,28,погрузчик телескопический
Автомобиль-ломовоз с гидроманипулятором,24,автомобиль специальный
Трактор сельскохозяйственный колесный общего назначения,22,общий общий назначение
"Специальный, передвижная электростанция",35,передвижной специальный передвижной
Рефрижераторный полуприцеп,2,полуприцеп тент
Подъемник стреловой гусеничный с рабочей платформой,34,рабочий платформа рабочий
Мобильный подьемник с рабочей платформой с коленчатой стрелой,34,рабочий платформа рабочий
Косилка с сиденьем,15,автоцистерна специализированный
Полуприцеп грузовой общего назначения,22,общий общий назначение
Ножничный колесный самоходный подъемник,4,подъемник самоходный
Автомобиль бортовой тентованный,24,автомобиль специальный
Экскаватор траншейный цепной,6,экскаватор погрузчик
Автоцистерна для пищевых жидкостей,15,автоцистерна специализированный
Подъемник дизельный коленчатый,4,подъемник самоходный
Каток многоцелевой,41,каток дорожный
"Автомобиль-картофелевоз, автомобиль сельскохозяйственный",24,автомобиль специальный
Трактор сельскохозяйственного назначения,45,сельскохозяйственный трактор
Вездеход,15,автоцистерна специализированный
Специализированная автоцистерна для перевозки пищевых жидкостей,27,перевозка специализированный перевозка
Универсальный телескопический погрузчик,28,погрузчик телескопический
"Специализированный, полуприцеп-рефрижератор",30,рефрижератор грузовой рефрижератор
Тележка электрическая,15,автоцистерна специализированный
"специальный, АСМП (Класс А)",43,специальный автобус
Самоходная бетоносмесительная машина с функцией самозагрузки,14,машина бурильный
"Специальный, автотопливомаслозаправщик",43,специальный автобус
Машина для перемещения материала,14,машина бурильный
Машина бурильно-крановая,14,машина бурильный
Машина вакуумная подметально-уборочная,32,вакуумный подметальный
Самоходный телескопической погрузчик на колесном ходу,28,погрузчик телескопический
Самоходный гусеничный грохот,36,гусеничный ход гусеничный
Тандемный каток,41,каток дорожный
Погрузчик малогабаритный универсальный,28,погрузчик телескопический
Экскаватор-погрузчик на колесном ходу,6,экскаватор погрузчик
Одновальцовый дорожный каток,41,каток дорожный
"Специальный, автомобиль штабной",24,автомобиль специальный
Каток самоходный вибрационный,41,каток дорожный
Мобильный ножничный подьемник с рабочей платформой,34,рабочий платформа рабочий
"Специальный, АСМП (Класс В)",43,специальный автобус
Комбайн кормоуборочный самоходный,37,комбайн зерноуборочный
Трактор лесохозяйственный,29,трактор промышленный
Вилочный погрузчик дизельный,0,вилочный погрузчик
Самоходный бетоносмеситель с самозагрузкой,4,подъемник самоходный
Трактор сельскохозяйственный колесный,45,сельскохозяйственный трактор
Грузовой тягач седельный с КМУ,31,тягач седельный
"Специальный, для организации бытовых условий и проживания",43,специальный автобус
Копер,15,автоцистерна специализированный
Гусеничный сейсмический вибратор,15,автоцистерна специализированный
Щековая дробильная машина,14,машина бурильный
Фронтальный погрузчик с бортовым поворотом,28,погрузчик телескопический
Мобильный подъёмник с рабочей платформой с коленчатой стрелой,34,рабочий платформа рабочий
Штабелер электрический,23,ричтрак электрический
Мобильная дробилка,15,автоцистерна специализированный
Гусеничный мини-погрузчик,28,погрузчик телескопический
Пеноподъемник пожарный,15,автоцистерна специализированный
Мобильный подьемник с рабочей платформой с телескопической стрелой,34,рабочий платформа рабочий
Кран телескопический самоходный гусеничный,36,гусеничный ход гусеничный
Экскаватор колёсный одноковшовый полноповоротный,40,гусеничный экскаватор
Фронтальный погрузчик с телескопической стрелой,28,погрузчик телескопический
Минипогрузчик фронтальный с бортовым поворотом,15,автоцистерна специализированный
Самоходный бетоносмеситель,4,подъемник самоходный
Подъемник коленчатый самоходный,4,подъемник самоходный
Каток вибрационный тандемный,41,каток дорожный
Экскаватор-погрузчик на колесном ходу двухковшовый,6,экскаватор погрузчик
Самоходный буровой станок на гусеничном ходу,36,гусеничный ход гусеничный
Погрузчик полноповоротный,28,погрузчик телескопический
Комбайн свеклоуборочный самоходный,37,комбайн зерноуборочный
Самоходный четырехколесный вилочный электропогрузчик,0,вилочный погрузчик
Дизельный вилочный погрузчик,0,вилочный погрузчик
"Экскаватор одноковшовый, полноповоротный",40,гусеничный экскаватор
Автопогрузчик телескопический,33,автопогрузчик дизельный
Гусеничный мини-экскаватор,40,гусеничный экскаватор
Мобильная сортировочная установка (грохот),39,сортировочная сортировочная установка
Экскаватор гусеничный полноповоротный,40,гусеничный экскаватор
"Гусеничный экскаватор, полноповоротный",40,гусеничный экскаватор
Трактор промышленный универсальный,29,трактор промышленный
Гусеничная роторная дробильная установка,17,установка дробильный
Сваебойная буровая машина,46,буровой установка
"Специализированный, изотермический",5,изотермический фургон изотермический
Установка горизонтально-направленного бурения ГНБ,17,установка дробильный
Оборудование подъемно-транспортное мобильный подъемник с рабочей платформой,34,рабочий платформа рабочий
Буровая установка на гусеничном ходу,36,гусеничный ход гусеничный
Кран стреловой самоходный гусеничный,36,гусеничный ход гусеничный
Погрузчик дизельный,28,погрузчик телескопический
Фургон лаборатория,8,фургон автомобиль фургон
"специализированный, для перевозки мототехники",27,перевозка специализированный перевозка
Машина погрузочно-уборочная,14,машина бурильный
Уплотнитель мусора,15,автоцистерна специализированный
Каток дорожный одновальцовый,41,каток дорожный
Погрузчик фронтальный одноковшовый на колёсном ходу,3,одноковшовый фронтальный
Электрический подъёмник ножничного типа,4,подъемник самоходный
"Специализированный, изотермический фургон",5,изотермический фургон изотермический
Полуприцеп лесовозный специальный,2,полуприцеп тент
Телескопический фронтальный погрузчик,28,погрузчик телескопический
"Специальный, автоэвакуатор",43,специальный автобус
Вилочный автопогрузчик с телескопической стрелой,0,вилочный погрузчик
Ножничный колесный подъемник,4,подъемник самоходный
"Специализированный, прицеп изотермический",7,специализированный прицеп прицеп
"Специализированный, прицеп изотермический",7,специализированный прицеп прицеп
Штабелер электрический ричтрак,23,ричтрак электрический
Машина погрузочно-транспортирующая форвардер,14,машина бурильный
Кран гусеничный телескопический,40,гусеничный экскаватор
Тягач терминальный,31,тягач седельный
Автопогрузчик колесный самоходный,33,автопогрузчик дизельный
Землеройная машина,14,машина бурильный
Холодная дорожная фреза,41,каток дорожный
Снегоочиститель плужный,26,снегоочиститель снегоочиститель шнекороторный
А/м ломовоз с ГМУ,15,автоцистерна специализированный
Самоходный грохот,4,подъемник самоходный
