"Id";"Version";"TypeId";"Name";"IsActive"
"1";"4023045752";"1";"Грузовой-бортовой";"true"
"2";"4023045752";"1";"Пикап";"true"
"3";"4023045752";"3";"Бронированный фургон";"true"
"4";"4023045752";"3";"Грузопассажирский фургон";"true"
"5";"4023045752";"3";"Изотермический фургон";"true"
"6";"4023045752";"3";"Промтоварный фургон";"true"
"7";"4023045752";"3";"Хлебный фургон";"true"
"8";"4023045752";"3";"Цельнометаллический фургон";"true"
"9";"4023045752";"4";"Седельный тягач";"true"
"12";"4023045752";"8";"Багги";"true"
"13";"4023045752";"10";"Автобус для перевозки детей";"true"
"14";"4023045752";"10";"Вахтовый автобус";"true"
"15";"4023045752";"10";"Городской автобус";"true"
"16";"4023045752";"10";"Междугородний автобус";"true"
"17";"4023045752";"10";"Ритуальный автобус";"true"
"18";"4023045752";"10";"Туристический автобус";"true"
"19";"4023045752";"11";"Автобетоновоз";"true"
"20";"4023045752";"11";"Автобетононасос";"true"
"21";"4023045752";"11";"Автобетоносмеситель";"true"
"22";"4023045752";"11";"Автогудронатор";"true"
"23";"4023045752";"11";"Автоцистерна";"true"
"24";"4023045752";"11";"Автоцистерна для нефтепродуктов";"true"
"25";"4023045752";"11";"Автоцистерна для СГ";"true"
"26";"4023045752";"11";"Автоцистерна пищевая";"true"
"208";"4023045752";"21";"Прицеп-рефрижератор";"true"
"28";"4023045752";"11";"Кормовоз";"true"
"29";"4023045752";"11";"Лесовоз";"true"
"30";"4023045752";"11";"Мусоровоз";"true"
"31";"4023045752";"11";"Сортиментовоз";"true"
"32";"4023045752";"11";"Установка насосная";"true"
"33";"4023045752";"11";"Цементировочный агрегат";"true"
"34";"4023045752";"12";"Катафалк";"true"
"35";"4023045752";"12";"Санитарный автомобиль";"true"
"36";"4023045752";"12";"Скорая помощь";"true"
"37";"4023045752";"13";"Автокран";"true"
"38";"4023045752";"13";"Бурильно-крановое ТС";"true"
"272";"1445102414";"164";"Фронтальный вилочный автопогрузчик";"true"
"40";"4023045752";"14";"Маслозаправщик";"true"
"41";"4023045752";"14";"Топливозаправщик";"true"
"42";"4023045752";"15";"Аварийный автомобиль";"true"
"43";"4023045752";"15";"Автолаборатория";"true"
"44";"4023045752";"15";"Автолавка";"true"
"45";"4023045752";"15";"Автомастерская";"true"
"46";"4023045752";"15";"Автомобиль специальный";"true"
"47";"4023045752";"15";"Парогенераторная установка";"true"
"48";"4023045752";"16";"Автоподъемник с платформой";"true"
"49";"4023045752";"16";"Бортовой с КМУ";"true"
"50";"4023045752";"16";"Лесовоз с КМУ";"true"
"51";"4023045752";"15";"Автомастерская с КМУ";"true"
"53";"4023045752";"16";"Мультилифт с КМУ";"true"
"54";"4023045752";"16";"Самосвал с КМУ";"true"
"55";"4023045752";"16";"Сортиментовоз с КМУ";"true"
"56";"4023045752";"16";"Тягач седельный с КМУ";"true"
"57";"4023045752";"16";"Эвакуатор";"true"
"58";"4023045752";"16";"Эвакуатор с КМУ";"true"
"59";"4023045752";"20";"Прицеп-дизель-генератор";"true"
"60";"4023045752";"20";"Прицеп-компрессор";"true"
"61";"4023045752";"21";"Прицеп бортовой";"true"
"62";"4023045752";"21";"Прицеп промтоварный";"true"
"63";"4023045752";"21";"Прицеп самосвальный";"true"
"64";"4023045752";"21";"Прицеп-инсинератор";"true"
"65";"4023045752";"21";"Прицеп-трейлер";"true"
"1436";"1317159324";"33";"Жатка";"true"
"67";"4023045752";"22";"Прицеп-цистерна";"true"
"68";"4023045752";"25";"Прицеп-контейнеровоз";"true"
"69";"4023045752";"25";"Прицеп-лесовоз";"true"
"70";"4023045752";"25";"Прицепная установка для ремонта дорог";"true"
"71";"4023045752";"25";"Прицеп-роспуск";"true"
"72";"4023045752";"25";"Прицеп-сортиментовоз";"true"
"76";"4023045752";"28";"Полуприцеп изотермический";"true"
"77";"4023045752";"28";"Полуприцеп самосвальный";"true"
"78";"4023045752";"28";"Полуприцеп-автовоз";"true"
"79";"4023045752";"28";"Полуприцеп-зерновоз";"true"
"278";"1793557674";"49";"Квадроцикл";"true"
"81";"4023045752";"28";"Полуприцеп-лесовоз";"true"
"82";"4023045752";"28";"Полуприцеп-панелевоз";"true"
"83";"4023045752";"28";"Полуприцеп-птицевоз";"true"
"84";"4023045752";"28";"Полуприцеп-рефрижератор";"true"
"85";"4023045752";"28";"Полуприцеп-скотовоз";"true"
"86";"4023045752";"28";"Полуприцеп-сортиментовоз";"true"
"87";"4023045752";"28";"Полуприцеп-стекловоз";"true"
"88";"4023045752";"28";"Полуприцеп-трал";"true"
"89";"4023045752";"28";"Полуприцеп-тушевоз";"true"
"90";"4023045752";"28";"Полуприцеп-цветовоз";"true"
"91";"4023045752";"28";"Полуприцеп-цементовоз";"true"
"92";"4023045752";"28";"Полуприцеп-цистерна";"true"
"52";"3416605633";"16";"Мультилифт (Крюковой погрузчик)";"true"
"93";"4023045752";"28";"Полуприцеп-щеповоз";"true"
"94";"4023045752";"31";"Вилочный электропогрузчик";"true"
"279";"1803133130";"5";"Самосвал";"true"
"96";"4023045752";"31";"Ричстакер";"true"
"97";"4023045752";"31";"Ричтрак";"true"
"359";"3502069035";"62";"Погрузчик";"true"
"280";"2044444525";"25";"Прицеп-ломовоз";"true"
"99";"4023045752";"31";"Электротележка";"true"
"100";"4023045752";"31";"Электроштабелер";"true"
"101";"4023045752";"32";"Коммунальный трактор";"true"
"102";"4023045752";"32";"Трактор";"true"
"103";"4023045752";"33";"Борона";"true"
"104";"4023045752";"33";"Комбайн";"true"
"105";"4023045752";"33";"Кормораздатчик";"true"
"106";"4023045752";"33";"Косилка";"true"
"107";"4023045752";"33";"Культиватор";"true"
"108";"4023045752";"33";"Машина для внесения удобрений";"true"
"109";"4023045752";"33";"Опрыскиватель";"true"
"110";"4023045752";"33";"Очиститель вороха";"true"
"111";"4023045752";"33";"Плуг";"true"
"112";"4023045752";"33";"Пресс-подборщик";"true"
"113";"4023045752";"33";"Сеялка";"true"
"114";"4023045752";"34";"Самосвал сочлененный";"true"
"115";"4023045752";"35";"Дреноукладчики";"true"
"116";"4023045752";"35";"Каналокопатель";"true"
"117";"4023045752";"35";"Траншеекопатель";"true"
"118";"4023045752";"35";"Экскаватор многоковшовый";"true"
"119";"4023045752";"35";"Экскаватор одноковшовый";"true"
"120";"4023045752";"36";"Гусеничный бульдозер";"true"
"121";"4023045752";"36";"Колесный бульдозер";"true"
"122";"4023045752";"37";"Грейдер";"true"
"123";"4023045752";"37";"Скрепер";"true"
"124";"4023045752";"38";"Каток полуприцепной";"true"
"125";"4023045752";"38";"Каток прицепной";"true"
"126";"4023045752";"38";"Каток самоходный";"true"
"127";"4023045752";"42";"Асфальтоукладчик";"true"
"128";"4023045752";"42";"Бетоносмеситель";"true"
"129";"4023045752";"42";"Разметочная машина";"true"
"130";"4023045752";"42";"Растворонасос";"true"
"131";"4023045752";"42";"Фреза дорожная";"true"
"132";"4023045752";"45";"Бурильно-крановая машина";"true"
"133";"4023045752";"45";"Буровая машина";"true"
"134";"4023045752";"45";"Копёр";"true"
"136";"4023045752";"47";"Форвардер";"true"
"137";"4023045752";"47";"Харвестер";"true"
"138";"4023045752";"48";"Коммунальная машина";"true"
"139";"4023045752";"48";"Машина для уборки помещений";"true"
"1061";"3194573360";"164";"Газовый погрузчик";"true"
"141";"4023045752";"60";"Башенный кран";"true"
"142";"4023045752";"60";"Самоходный кран";"true"
"143";"4023045752";"60";"Трубоукладчик";"true"
"144";"4023045752";"62";"Мини-погрузчик";"true"
"145";"4023045752";"62";"Телескопический автопогрузчик";"true"
"157";"3361706672";"17";"Мотоцикл";"true"
"147";"4023045752";"62";"Экскаватор-погрузчик";"true"
"148";"4023045752";"162";"Вагон-дом";"true"
"149";"4023045752";"162";"Прицеп тракторный самосвальный";"true"
"150";"4023045752";"162";"Прицеп-зерновоз";"true"
"151";"4023045752";"162";"Прицеп-опрыскиватель";"true"
"152";"4023045752";"162";"Прицеп-рециклер";"true"
"154";"4023045752";"162";"Прицеп-смешиватель";"true"
"155";"4023045752";"163";"Компрессор";"true"
"156";"4023045752";"164";"Вилочный автопогрузчик";"true"
"158";"4023045752";"42";"Укладчик обочин";"true"
"159";"4023045752";"49";"Установка ГНБ";"true"
"160";"4023045752";"25";"Прицеп-самосвал";"true"
"162";"4023045752";"15";"Агрегат для депарафинизации скважин";"true"
"163";"4023045752";"34";"Дробильная установка";"true"
"164";"4023045752";"15";"Жилой модуль";"true"
"165";"4023045752";"16";"Ломовоз с КМУ";"true"
"166";"4023045752";"11";"Мобильный бетонный завод";"true"
"167";"4023045752";"33";"Очиститель-подборщик";"true"
"168";"4023045752";"42";"Перегружатель асфальта";"true"
"169";"4023045752";"28";"Полуприцеп-муковоз";"true"
"171";"4023045752";"25";"Прицеп-измельчитель";"true"
"172";"4023045752";"25";"Прицеп-пескоразбрасыватель";"true"
"173";"4023045752";"34";"Самосвал карьерный";"true"
"174";"4023045752";"25";"Прицеп-парогенератор";"true"
"175";"4023045752";"35";"Мини-экскаватор";"true"
"176";"4023045752";"49";"Сварочный агрегат";"true"
"177";"4023045752";"33";"Смеситель-кормораздатчик";"true"
"178";"4023045752";"44";"Снегоочиститель";"true"
"179";"4023045752";"11";"Установка смесительная";"true"
"180";"4023045752";"35";"Экскаватор-перегружатель";"true"
"181";"4023045752";"35";"Экскаватор-планировщик";"true"
"183";"4023045752";"25";"Прицеп-скотовоз";"true"
"184";"4023045752";"49";"Укладчик плитки";"true"
"185";"4023045752";"34";"Сортировочная установка";"true"
"186";"4023045752";"47";"Мульчер";"true"
"187";"4023045752";"47";"Валочно-пакетирующая";"true"
"153";"2720017810";"162";"Прицеп-рулоновоз";"true"
"161";"3347811686";"27";"Полуприцеп шторный";"true"
"189";"4023045752";"25";"Прицеп-мультилифт";"true"
"190";"4023045752";"27";"Полуприцеп-платформа";"true"
"191";"4023045752";"45";"Буровая установка";"true"
"192";"4023045752";"49";"Бетоносмеситель";"true"
"193";"4023045752";"25";"Прицеп бортовой";"true"
"194";"4023045752";"20";"Прицеп бортовой";"true"
"195";"4023045752";"162";"Прицеп бортовой";"true"
"281";"2044471192";"33";"Лущильник";"true"
"348";"3323830661";"11";"Машина вакуумная";"true"
"196";"4023045752";"11";"Снегоочиститель";"true"
"199";"4023045752";"10";"Автобус для перевозки инвалидов";"true"
"200";"4023045752";"11";"Зерновоз";"true"
"1022";"3003880721";"15";"Специальный, газоспасательный";"true"
"202";"4023045752";"1";"Европлатформа";"true"
"203";"4023045752";"11";"Машина илососная";"true"
"220";"2097306537";"15";"Маслостанция с КМУ";"true"
"205";"4023045752";"11";"Сортиментовоз с КМУ";"true"
"206";"4023045752";"11";"Лесовоз с КМУ";"true"
"207";"4023045752";"11";"Ломовоз с КМУ";"true"
"27";"4023045752";"11";"Комбинированный автомобиль";"true"
"135";"4023045752";"47";"Трактор трелеровочный(скиддер)";"true"
"188";"4023045752";"47";"Скиддер";"false"
"209";"4023045752";"25";"Прицеп-пневмонагнетатель";"true"
"210";"4023045752";"49";"Багажный тягач";"true"
"212";"4023045752";"162";"Бункер-перегрузчик";"true"
"213";"4023045752";"3";"Фургон для перевозки опасных грузов";"true"
"214";"4023045752";"16";"Сортиментовоз с ГМУ";"true"
"215";"4023045752";"45";"Буровой станок";"true"
"216";"4023045752";"15";"Колтюбинговая установка";"true"
"217";"4023045752";"33";"Грабли";"true"
"218";"4023045752";"15";"Подъемник каротажный";"true"
"219";"4023045752";"62";"Ричстакер";"true"
"204";"1149161178";"11";"Автоцистерна вакуумная";"true"
"222";"2149371867";"16";"Портальный погрузчик";"true"
"223";"2219356001";"162";"Прицеп тракторный специальный";"true"
"224";"2381764027";"162";"Прицеп плавильно-заливочная установка";"true"
"225";"2484315706";"35";"Баровая грунторезная машина";"true"
"226";"2640376665";"7";"Автоцистерна пожарная";"true"
"146";"2640390341";"62";"Фронтальный погрузчик";"true"
"227";"2641152238";"32";"Многофункциональный маневровый трактор";"true"
"228";"2686644055";"62";"Погрузчик строительный";"true"
"230";"2757577441";"16";"Аэродромная противообледенительная машина";"true"
"229";"2757578428";"16";"Амбулифт";"true"
"231";"2757586429";"7";"Автомобиль аэродромный пожарный";"true"
"232";"2809727928";"12";"Автомобиль для перевозки инвалидов";"true"
"233";"2827552022";"162";"Прицепная щепорубительная машина";"true"
"234";"2847768681";"28";"Полуприцеп-топливозаправщик";"true"
"1023";"3003880721";"62";"Контейнерный погрузчик";"true"
"236";"2847768681";"162";"Прицеп тракторный топливозаправщик";"true"
"237";"2847768681";"162";"Подъемник-погрузчик";"true"
"238";"2964935312";"15";"Компрессорная станция";"true"
"239";"3081696072";"15";"Агрегат кислотной обработки скважин";"true"
"240";"3094390286";"32";"Минитрактор";"true"
"241";"3178940431";"11";"Автоцистерна нефтепромысловая";"true"
"243";"3193728347";"42";"Машина для строительства и содержания дорог";"true"
"244";"3199899942";"49";"Коленчатый подъемник";"true"
"247";"3217116909";"62";"Фронтальный лесопогрузчик";"true"
"242";"3234765575";"162";"Прицеп-лесовоз";"true"
"245";"3234765575";"162";"Прицеп-гудронатор";"true"
"248";"3347804478";"33";"Разбрасыватель удобрений";"true"
"10";"3347811686";"5";"Грузовой самосвал";"true"
"11";"3347811686";"6";"Грузовой рефрижератор";"true"
"73";"3347811686";"27";"Полуприцеп бортовой";"true"
"74";"3347811686";"27";"Полуприцеп промтоварный";"true"
"75";"3347811686";"27";"Полуприцеп тентованный";"true"
"170";"3347811686";"25";"Прицеп торговый";"true"
"221";"3347811686";"6";"Грузовой рефрижератор с гидробортом";"true"
"246";"3347811686";"25";"Прицеп тентованный";"true"
"249";"3447982066";"11";"Каналопромывочная машина";"true"
"251";"3655278397";"11";"Машина для гидродинамической очистки канализационных сетей";"true"
"252";"3655278397";"28";"Полуприцеп-ломовоз";"true"
"253";"3665589780";"47";"Валочно-сучкорезно-раскряжевочная машина";"true"
"254";"3698514338";"11";"Контейнеровоз";"true"
"255";"3698514338";"49";"Гусеничный самосвал";"true"
"256";"3754977119";"34";"Грохот";"true"
"257";"3817190239";"33";"Протравливатель семян";"true"
"258";"3996079019";"21";"Прицеп изотермический";"true"
"259";"4013319795";"13";"Бортовой с КБУ";"true"
"260";"4090531653";"3";"Фургон общего назначения";"true"
"261";"4090531653";"3";"Грузовой фургон";"true"
"263";"4112385243";"49";"Лодочный самоходный подъемник";"true"
"262";"4112385243";"28";"Полуприцеп";"true"
"264";"4215980319";"48";"Машина коммунально-строительная многоцелевая";"true"
"265";"241463722";"25";"Прицеп-платформа";"true"
"39";"369473958";"13";"Буровая установка";"true"
"80";"369473958";"28";"Полуприцеп-контейнеровоз";"true"
"95";"369473958";"31";"Подборщик заказов";"true"
"98";"369473958";"31";"Электрический подъемник с платформой";"true"
"266";"388092277";"16";"Автогидроподъемник";"true"
"267";"420735514";"49";"Оборачиватель лент льна";"true"
"197";"1901829619";"48";"Снегопогрузчик";"true"
"198";"1973589310";"49";"Электромобили";"false"
"211";"2083222071";"49";"Снегоход";"false"
"268";"608938879";"15";"Блок манифольда";"true"
"269";"638994835";"6";"Автофургон-рефрижератор";"true"
"270";"642866999";"25";"Прицеп шторный";"true"
"271";"685542064";"25";"Прицеп специальный подметально-уборочный";"true"
"273";"721057288";"25";"Прицеп-автовоз";"true"
"274";"722612743";"15";"Смесительно-зарядная установка";"true"
"275";"848944916";"16";"Кран-манипулятор";"true"
"276";"1104046654";"25";"Прицеп-нагреватель";"true"
"277";"1169651240";"162";"Машины для внесения жидких органических удобрений";"true"
"282";"2211765937";"165";"Специализированные пассажирские транспортные средства";"true"
"283";"2211765937";"165";"Специализированное пассажирское ТС";"true"
"284";"2211765937";"166";"Снегоболотоход";"true"
"285";"2211765937";"166";"Снегоход";"true"
"286";"2307725368";"162";"Прицеп-растворосмеситель";"true"
"287";"2326326607";"28";"Полуприцеп-тяжеловоз";"true"
"288";"2343397214";"32";"Газонокосилка";"true"
"289";"2456435496";"162";"Прицепной распределитель щебня";"true"
"290";"2686527229";"162";"Прицеп-пескоразбрасыватель";"true"
"291";"2701427070";"11";"Автомобиль-самосвал с КМУ";"true"
"292";"2857368624";"15";"Аварийно-спасательный";"true"
"294";"2857853888";"16";"Грузовой-специальный";"true"
"295";"2857853888";"4";"Грузовой седельный тягач";"true"
"296";"2985427240";"164";"Автопогрузчик";"true"
"297";"2985427240";"4";"Грузовой-тягач седельный";"true"
"298";"2985427240";"16";"Автомобиль-тягач седельный с КМУ";"true"
"299";"2985427240";"62";"Погрузчик фронтальный";"true"
"300";"2985427240";"164";"Автопогрузчик вилочный";"true"
"301";"2985427240";"38";"Каток дорожный";"true"
"302";"2985427240";"1";"Бортовая платформа с каркасом и тентом";"true"
"293";"2985469768";"11";"Автомобиль-мусоровоз";"true"
"140";"2998383809";"49";"Снегоболотоход";"false"
"303";"2998443128";"16";"Седельный тягач с КМУ";"true"
"304";"3053524542";"1";"Специализированный автомобиль, бортовой";"true"
"305";"3057879513";"3";"Автомобиль-фургон";"true"
"306";"3057879513";"16";"Кран-манипулятор автомобильный";"true"
"307";"3106508174";"3";"Автомобиль-фургон изотермический";"true"
"308";"3106508174";"16";"Автомобиль грузовой с КМУ";"true"
"309";"3106508174";"5";"Специализированный, самосвал";"true"
"310";"3106508174";"15";"Передвижная мастерская";"true"
"311";"3106508174";"16";"Автомобиль-сортиментовоз";"true"
"312";"3127819448";"28";"Специализированный, полуприцеп-цистерна";"true"
"313";"3127819448";"3";"Специализированный, фургон";"true"
"1024";"3003880721";"25";"Специализированный, прицеп для перевозки сменных кузовов";"true"
"315";"3127819448";"4";"Специальный, седельный тягач";"true"
"316";"3127819448";"62";"Фронтальный колесный погрузчик";"true"
"317";"3217757958";"45";"Баровая грунторезная машина";"true"
"318";"3217757958";"38";"Каток дорожный вибрационный";"true"
"319";"3217757958";"16";"Грузовой бортовой с КМУ";"true"
"320";"3217757958";"3";"Специализированный, автомобиль фургон хлебный";"true"
"321";"3217757958";"13";"Специальный автокран";"true"
"322";"3217757958";"3";"Автофургон изотермический";"true"
"323";"3217757958";"1";"Бортовой";"true"
"324";"3217757958";"3";"Грузопассажирское ТС";"true"
"325";"3217757958";"11";"Специализированный, для перевозки пищевых жидкостей";"true"
"326";"3217757958";"1";"Бортовая платформа с воротами";"true"
"327";"3217757958";"164";"Погрузчик вилочный";"true"
"328";"3217757958";"33";"Очиститель зерна";"true"
"329";"3323830661";"28";"Полуприцеп общего назначения";"true"
"330";"3323830661";"11";"Специальный, мусоровоз";"true"
"331";"3323830661";"11";"Специальный, мусоровоз с задней загрузкой";"true"
"332";"3323830661";"48";"Вакуумная уборочная коммунальная машина";"true"
"333";"3323830661";"25";"Прицеп";"true"
"334";"3323830661";"5";"Автосамосвал";"true"
"335";"3323830661";"28";"Специализированный, полуприцеп-тяжеловоз";"true"
"336";"3323830661";"33";"Бункер наземный перегрузочный";"true"
"337";"3323830661";"62";"Фронтальный колесный мини-погрузчик";"true"
"338";"3323830661";"38";"Вибрационный дорожный каток";"true"
"339";"3323830661";"28";"Полуприцеп самосвал";"true"
"340";"3323830661";"15";"Смесительно-зарядная специальная";"true"
"341";"3323830661";"16";"Специализированный, грузовой бортовой оснащенный краном-манипулятором";"true"
"342";"3323830661";"16";"Автомобиль бортовой с КМУ";"true"
"343";"3323830661";"3";"Автомобиль грузопассажирский";"true"
"344";"3323830661";"34";"Мобильное дробильное оборудование (молотковая дробилка)";"true"
"345";"3323830661";"3";"Для перевозки продуктов питания, в том числе скоропортящихся";"true"
"346";"3323830661";"3";"Фургон изотермический";"true"
"347";"3323830661";"16";"Автомобиль специальный с КМУ";"true"
"1062";"3194573360";"5";"Самосвал-землевоз";"true"
"349";"3323830661";"34";"Самосвал шарнирно-сочлененный";"true"
"350";"3323830661";"164";"Автопогрузчик с вилочным захватом";"true"
"351";"3323830661";"45";"Гидравлический свайный копер";"true"
"352";"3323830661";"35";"Экскаватор";"true"
"353";"3323830661";"45";"Копрово-бурильная установка";"true"
"354";"3323830661";"1";"Бортовая платформа";"true"
"355";"3323830661";"42";"Фреза";"true"
"356";"3323830661";"31";"Электропогрузчик";"true"
"357";"3323830661";"6";"Фургон-рефрижератор с гидробортом";"true"
"358";"3323830661";"37";"Автогрейдер";"true"
"314";"3379245602";"27";"Специализированный, бортовой полуприцеп с тентом";"true"
"1025";"3003880721";"11";"Специальный, экскаватор-планировщик";"true"
"1026";"3003880721";"28";"Специальный, грузовой бортовой оснащенный краном-манипулятором";"true"
"1027";"3003880721";"62";"Колесный экскаватор-погрузчик";"true"
"1028";"3003880721";"60";"Кран стреловой короткобазный на колесном ходу";"true"
"1029";"3003880721";"28";"Полуприцеп мусоровозный";"true"
"1030";"3003880721";"166";"Мотовездеход";"true"
"1031";"3003880721";"15";"Передвижная лаборатория";"true"
"1032";"3003880721";"25";"Специальный, прицеп информационный, предупреждающий";"true"
"1033";"3003880721";"28";"Специальный, автогазозаправщик";"true"
"1049";"3118313079";"62";"Сельскохозяйственный погрузчик";"true"
"1050";"3118313079";"62";"Погрузчик-ричстакер";"true"
"1051";"3118313079";"49";"Машина горизонтально-направленного бурения";"true"
"1052";"3118313079";"13";"Специальный, машина строительная бурильная";"true"
"1053";"3118313079";"31";"Подъемник ножничный";"true"
"1054";"3118313079";"45";"Агрегат подъемный для ремонта и бурения скважин";"true"
"1055";"3118313079";"11";"Специализированный, тягач лесовозный";"true"
"1056";"3118313079";"31";"Электроавтобус";"true"
"1057";"3118313079";"31";"Электрический гольфкар";"true"
"1058";"3118313079";"32";"Трактор садовый";"true"
"1059";"3118313079";"62";"Ковшевой минипогрузчик";"true"
"1060";"3118313079";"28";"Специализированный, панелевоз";"true"
"1063";"3194573360";"49";"Измельчитель";"true"
"1064";"3194573360";"15";"Специальный, агрегат для депарафинизации";"true"
"1065";"3194573360";"7";"Специальный, пожарный автомобиль";"true"
"1066";"3194573360";"38";"Каток вибрационный двухосный двухвальцовый";"true"
"1067";"3194573360";"38";"Каток вибрационный двухосный";"true"
"1068";"3194573360";"49";"Установка горизонтально-направленного бурения";"true"
"1090";"3349700807";"32";"Трактор колесный сельскохозяйственный";"true"
"1091";"3349700807";"28";"Специализированный, для перевозки и временного хранения взрывчатых веществ и изделий";"true"
"1092";"3349700807";"12";"Специальный, мобильный медицинский кабинет";"true"
"1093";"3349700807";"45";"Буровая самоходная установка";"true"
"1094";"3349700807";"49";"Измельчитель ветвей";"true"
"1095";"3349700807";"27";"Бортовой полуприцеп без тента";"true"
"1096";"3455590918";"45";"Гидравлическая буровая установка";"true"
"1097";"3455590918";"45";"Бурильная машина";"true"
"1098";"3455590918";"16";"Автоэвакуатор с КМУ";"true"
"1099";"3455590918";"35";"Полноповоротный погрузчик-экскаватор";"true"
"1100";"3455590918";"1";"Грузовой автомобиль общего назначения";"true"
"1101";"3455590918";"25";"Специализированный, для перевозки животных";"true"
"1102";"3455590918";"25";"Прицеп для перевозки техники и грузов";"true"
"1103";"3455590918";"34";"Установка мобильная дробильно-сортировочная";"true"
"1104";"3455590918";"11";"Автоцистерна заправочная";"true"
"1105";"3455590918";"42";"Асфальтоукладчик колесный";"true"
"1106";"3455590918";"25";"Специальный, прицеп подметально-уборочный";"true"
"1107";"3455590918";"48";"Многоцелевая коммунально-строительная машина";"true"
"1108";"3455590918";"20";"Специальный, автолавка";"true"
"1109";"3455590918";"62";"Автопогрузчик контейнерный";"true"
"1110";"3455590918";"32";"Трактор промышленный колесный";"true"
"1111";"3509551763";"42";"Ресайклер дорожный";"true"
"1112";"3509551763";"60";"Мини-кран";"true"
"1113";"3509551763";"42";"Машина смесительная для стабилизации и регенерации дорожного полотна";"true"
"1114";"3509551763";"11";"Специализированный, автомобиль-тягач";"true"
"1115";"3509551763";"162";"Измельчитель прицепной";"true"
"1116";"3509551763";"49";"Установка сваебойная гидравлическая самоходная на гусеничном ходу";"true"
"1117";"3509551763";"25";"Специальный, для приготовления, подогрева и транспортировки литого асфальта";"true"
"1118";"3509551763";"1";"Специальный, бортовой с гидробортом";"true"
"1119";"3509551763";"34";"Шахтный самосвал";"true"
"1120";"3509551763";"34";"Дробилка конусная";"true"
"1121";"3509551763";"34";"Щековая дробилка";"true"
"1122";"3699538683";"162";"Рециклер асфальтобетона";"true"
"360";"3502069035";"1";"Специализированный, грузовой бортовой";"true"
"361";"3502069035";"1";"Автомобиль бортовой с тентом";"true"
"362";"3502069035";"20";"Прицеп к л/а";"true"
"363";"3502069035";"11";"Специальный, автобетоносмеситель";"true"
"364";"3502069035";"62";"Фронтальный минипогрузчик";"true"
"365";"3502069035";"6";"Автомобиль-рефрижератор";"true"
"366";"3502069035";"6";"Грузовой фургон рефрижератор";"true"
"367";"3502069035";"13";"Кран автомобильный";"true"
"368";"3502069035";"16";"Специализированный, кран-манипулятор автомобильный (бортовой)";"true"
"369";"3502069035";"45";"Самоходная гидравлическая установка";"true"
"370";"3502069035";"1";"Специализированный, грузовой тентованный";"true"
"371";"3502069035";"6";"Рефрижератор";"true"
"372";"3502069035";"25";"Платформа с гидроподъемником";"true"
"373";"3502069035";"10";"Автобус пассажирский";"true"
"374";"3502069035";"16";"Специальный, оснащенный краном-манипулятором";"true"
"375";"3502069035";"16";"Специализированный, самосвал с КМУ";"true"
"376";"3502069035";"3";"Грузовой прочий";"true"
"377";"3502069035";"11";"Специализированные прочие";"true"
"378";"3502069035";"36";"Бульдозер";"true"
"379";"3502069035";"16";"Специальный, автоэвакуатор";"true"
"380";"3502069035";"25";"Прицеп-рубильная установка";"true"
"381";"3502069035";"15";"Специальный, передвижной мобильный комплекс";"true"
"382";"3502069035";"38";"Каток дорожный самоходный вибрационный";"true"
"383";"3502069035";"31";"Самоходный ножничный подъемник";"true"
"384";"3502069035";"49";"Бетоносмесительная машина с функцией самозагрузки";"true"
"386";"3502069035";"5";"Автомобиль-самосвал";"true"
"387";"3502069035";"49";"Машина дорожная универсальная";"true"
"388";"3502069035";"62";"Погрузчик малогабаритный колесный";"true"
"389";"3502069035";"27";"Полуприцеп грузовой";"true"
"390";"3502069035";"16";"Автомобиль-тягач специальный";"true"
"391";"3502069035";"15";"Мастерская с КМУ";"true"
"392";"3502069035";"28";"Специализированный для перевозки сжиженных углеводородных газов";"true"
"393";"3502069035";"15";"Специальный, лаборатория";"true"
"394";"3502069035";"33";"Опрыскиватель самоходный";"true"
"395";"3502069035";"12";"Транспортное средство для оказания ритуальных услуг";"true"
"396";"3502069035";"60";"Короткобазовый кран";"true"
"397";"3502069035";"11";"Автомобиль-ломовоз с КМУ";"true"
"398";"3502069035";"6";"Специализированный, рефрижератор";"true"
"399";"3502069035";"62";"Машина для выемки грунта";"true"
"385";"3503544110";"165";"Бизнес-купе";"true"
"400";"4021406759";"1";"Автомобиль грузовой";"true"
"401";"4021406759";"62";"Погрузчик телескопический";"true"
"402";"4021406759";"28";"Специализированный для перевозки нефтепродуктов";"true"
"403";"4021406759";"11";"Автомобиль спецназначения";"true"
"404";"4021406759";"14";"Автотопливозаправщик";"true"
"405";"4021406759";"1";"Автомобиль бортовой";"true"
"406";"4021406759";"25";"Прицеп грузовой специальный";"true"
"407";"4021406759";"13";"Специализированный автокран";"true"
"408";"4021406759";"62";"Погрузчик одноковшовый фронтальный";"true"
"1167";"4025678214";"33";"Свеклоуборочный комбайн";"true"
"410";"4021406759";"3";"Специализированный, автофургон";"true"
"411";"4021406759";"3";"Автофургон";"true"
"412";"4021406759";"3";"Специализированный, фургон изотермический";"true"
"413";"4021406759";"11";"Автомобиль-тягач лесовозный с ГМ";"true"
"414";"4021406759";"11";"Специализированный, самосвал с КМУ";"true"
"415";"4021406759";"15";"Специальный, автомобиль-мастерская аварийно-ремонтная";"true"
"416";"4021406759";"11";"Автомобиль вакуумный";"true"
"417";"4021406759";"11";"Специальный, автомобиль-тягач лесовозный с ГМ";"true"
"418";"4021406759";"162";"Бункер-накопитель перегрузочный";"true"
"419";"4021406759";"15";"Специальный, для обслуживания нефтяных и газовых скважин";"true"
"420";"4021406759";"11";"Специализированный, сортиментовоз оснащенный краном-манипулятором";"true"
"421";"4021406759";"13";"Установка разведочного бурения";"true"
"422";"4021406759";"16";"Бункеровоз";"true"
"423";"4021406759";"38";"Каток вибрационный";"true"
"424";"4021406759";"1";"Автомобиль бортовой со шторным механизмом";"true"
"425";"4021406759";"62";"Погрузчик одноковшовый колесный";"true"
"426";"4021406759";"16";"Автомобиль специальный";"true"
"427";"4021406759";"15";"Автомобиль аварийно-технической службы";"true"
"428";"4021406759";"15";"Специальный, автолавка";"true"
"429";"4021406759";"14";"Специализированный, автотопливозаправщик";"true"
"430";"4021406759";"16";"Специальный, автогидроподъемник";"true"
"431";"4021406759";"16";"Специальный, мультилифт";"true"
"432";"4021406759";"28";"Специализированный, полуприцеп-контейнеровоз";"true"
"433";"4021406759";"3";"Автомобиль-фургон с грузоподъемным бортом";"true"
"434";"4021406759";"45";"Самоходная бурильная машина";"true"
"435";"4044605524";"31";"Погрузчик-штабелер";"true"
"436";"4044605524";"11";"Тягач лесовозный с ГМ";"true"
"437";"4044605524";"164";"Фронтальный вилочный погрузчик";"true"
"438";"4044605524";"32";"Машина универсальная лесная";"true"
"439";"4044605524";"62";"Погрузчик строительный пневмоколесный одноковшовый фронтальный";"true"
"440";"4044605524";"1";"Бортовой с тентом и воротами";"true"
"442";"4044605524";"15";"Специальный автомобиль аварийно-спасательный";"true"
"443";"4044605524";"3";"Фургон изотермический с грузоподъемным бортом";"true"
"445";"4044605524";"13";"Специальный, бурильно-крановая машина";"true"
"447";"4044605524";"35";"Перегружатель колесный";"true"
"448";"4044605524";"16";"Автоэвакуатор";"true"
"449";"4044605524";"162";"Полуприцеп тракторный";"true"
"450";"4044605524";"11";"Специальный, машина комбинированная";"true"
"451";"4044605524";"5";"Специальный, самосвал";"true"
"452";"4044605524";"3";"Фургон";"true"
"453";"4044605524";"49";"Установка горизонтального направленного бурения";"true"
"454";"4044605524";"16";"Специальный, седельный тягач с КМУ";"true"
"455";"4044605524";"32";"Сельскохозяйственный трактор";"true"
"456";"4044605524";"3";"Специализированный, фургон для перевозки пищевых продуктов";"true"
"457";"4044605524";"11";"Специальный, самосвал оснащенный краном-манипулятором";"true"
"458";"4044605524";"62";"Погрузчик фронтальный телескопический";"true"
"459";"4044605524";"31";"Автопогрузчик с вилочным захватом";"true"
"460";"4044605524";"11";"Коммунальная дорожная машина";"true"
"461";"4044605524";"16";"Грузовой бортовой оснащенный краном-манипулятором";"true"
"462";"4044605524";"16";"Специальный, грузовой бортовой оснащенный краном-манипулятором";"true"
"463";"4044605524";"16";"Автомобиль специальный (мультилифт)";"true"
"464";"4044605524";"32";"Колесный трактор";"true"
"465";"4044605524";"62";"Погрузчик универсальный с бортовым поворотом";"true"
"466";"4044605524";"11";"Специальный, машина илососная";"true"
"467";"4044605524";"11";"Специальный автомобиль-тягач лесовозный с КМУ";"true"
"468";"4044605524";"49";"Самозагружающийся мобильный бетоносмеситель";"true"
"469";"4044605524";"16";"Грузовой бортовой с манипулятором";"true"
"470";"4044605524";"11";"Специализированный, автомобиль-ломовоз с КМУ";"true"
"446";"4071193467";"25";"Прицеп специальный";"true"
"471";"4130903262";"25";"Прицеп эвакуатор";"true"
"472";"4130903262";"62";"Погрузчик экскаватор колесный";"true"
"473";"4130903262";"27";"Полуприцеп с бортовой платформой";"true"
"474";"4130903262";"15";"Специальный, для аварийно-спасательных служб";"true"
"475";"4130903262";"15";"Установка промысловая паровая передвижная";"true"
"476";"4130903262";"11";"Специализированный, самосвал с ГМУ";"true"
"477";"4130903262";"28";"Полуприцеп-цистерна транспортная";"true"
"478";"4130903262";"31";"Погрузчик";"true"
"479";"4130903262";"38";"Каток";"true"
"480";"4130903262";"15";"Специальный, электротехническая лаборатория";"true"
"481";"4130903262";"15";"Дорожная лаборатория";"true"
"482";"4130903262";"27";"Полуприцеп борт платформа с тентом";"true"
"444";"4130903262";"33";"Комбайн зерноуборочный самоходный";"true"
"441";"4130903262";"11";"Специализированный, автоцистерна";"true"
"483";"4238441015";"15";"Специальный, машина смесительно-зарядная";"true"
"484";"4238441015";"6";"Автомобиль-фургон (рефрижератор)";"true"
"485";"4238441015";"33";"Комбайн кормоуборочный";"true"
"486";"4238441015";"27";"Безбортовой полуприцеп с тентом";"true"
"487";"4238441015";"11";"Установка насосная для цементирования скважин";"true"
"488";"4238441015";"15";"Передвижная парогенераторная установка";"true"
"489";"4238441015";"11";"Тягач лесовозный с КМУ (ГМ)";"true"
"490";"4238441015";"60";"Кран стреловой на гусеничном ходу";"true"
"491";"4238441015";"28";"Специализированный, для перевозки крупногабаритных и тяжеловесных грузов";"true"
"492";"4238441015";"11";"Специализированный, автоцистерна для перевозки кислоты";"true"
"493";"4238441015";"11";"Специализированный, для перевозки нефтепродуктов";"true"
"494";"4238441015";"32";"Сельскохозяйственный трактор колесный";"true"
"495";"4238441015";"1";"Бортовой с тентом";"true"
"496";"4238441015";"11";"Специальный, самосвал с ГМУ";"true"
"497";"165865742";"62";"Погрузчик сельскохозяйственный";"true"
"498";"165865742";"11";"Цистерна вакуумная";"true"
"499";"165865742";"11";"Специальный, автомобиль-металловоз с КМУ";"true"
"500";"165865742";"45";"Самоходная буровая установка";"true"
"501";"165865742";"15";"Дорожный мастер";"true"
"502";"165865742";"62";"Фронтальный погрузчик одноковшовый колесный";"true"
"503";"165865742";"11";"Сортиментовоз с гидроманипулятором";"true"
"504";"165865742";"49";"Подъемник коленчатый";"true"
"505";"165865742";"31";"Электрический автопогрузчик";"true"
"506";"165865742";"62";"Мини-погрузчик сочлененный фронтальный";"true"
"507";"165865742";"1";"Специализированный, для перевозки крупногабаритных и тяжеловесных грузов";"true"
"508";"165865742";"11";"Специализированный, сортиментовоз с ГМ";"true"
"509";"165865742";"49";"Универсальная машина дорожная";"true"
"510";"165865742";"11";"Специальный, для коммунального хозяйства и содержания дорог";"true"
"511";"165865742";"27";"Специализированный, бортовой полуприцеп без тента";"true"
"512";"165865742";"4";"Тягач";"true"
"513";"165865742";"60";"Кран стреловой";"true"
"514";"165865742";"27";"Полуприцеп фургон";"true"
"515";"165865742";"16";"Кран-манипулятор автомобильный (бортовой)";"true"
"516";"165865742";"62";"Одноковшовый погрузчик-экскаватор";"true"
"517";"165865742";"33";"Комбайн зерноуборочный";"true"
"518";"165865742";"62";"Погрузчик одноковшовый";"true"
"519";"165865742";"31";"Электротягач";"true"
"520";"165865742";"31";"Электропогрузчик с вилочным захватом";"true"
"521";"165865742";"38";"Каток дорожный самоходный";"true"
"522";"165865742";"12";"Автомобиль скорой медицинской помощи";"true"
"523";"165865742";"60";"Кран-трубоукладчик";"true"
"524";"165865742";"15";"Специальный, передвижная парогенераторная установка";"true"
"525";"165865742";"62";"Погрузчик фронтальный одноковшовый";"true"
"526";"165865742";"25";"Специальный, прицеп-самосвал";"true"
"527";"165865742";"11";"Цистерна для пищевых жидкостей";"true"
"528";"165865742";"25";"Подъемник прицеп гидравлический";"true"
"529";"165865742";"16";"Специальное (кран-манипулятор автомобильный (седельный тягач))";"true"
"530";"165865742";"35";"Гусеничный экскаватор";"true"
"531";"165865742";"62";"Мини погрузчик фронтальный";"true"
"532";"165865742";"162";"Прицеп тракторный сельскохозяйственный";"true"
"533";"165865742";"16";"Бортовой с краном-манипулятором";"true"
"534";"165865742";"62";"Автопогрузчик";"true"
"535";"165865742";"49";"Агрегат сварочный самоходный";"true"
"536";"165865742";"62";"Экскаватор одноковшовый погрузчик-универсальный";"true"
"537";"165865742";"15";"Установка статического зондирования";"true"
"538";"165865742";"4";"Специальный, грузовой седельный тягач";"true"
"539";"165865742";"16";"Бортовой с г/м";"true"
"540";"165865742";"3";"Специальный, грузопассажирский автомобиль";"true"
"541";"241210040";"4";"Специальный, грузовой тягач седельный";"true"
"542";"241210040";"3";"Грузовой фургон изотермический";"true"
"543";"241210040";"11";"Специализированный, автоцистерна вакуумная";"true"
"544";"241210040";"1";"Грузовой бортовой тентованый";"true"
"545";"241210040";"49";"Агрегат сварочный самоходный гусеничный";"true"
"546";"241210040";"6";"Специализированный, фургон рефрижератор";"true"
"547";"241210040";"7";"Специальный, автоцистерна пожарная";"true"
"548";"241210040";"25";"Бортовая платформа";"true"
"549";"325177329";"16";"Специальный, для перевозки сменных кузовов";"true"
"550";"325177329";"6";"Фургон рефрижератор";"true"
"551";"325177329";"62";"Погрузчик одноковшовый фронтальный колесный";"true"
"552";"325177329";"25";"Сортиментовозный прицеп";"true"
"553";"325177329";"16";"Бортовой автомобиль с КМУ";"true"
"554";"325177329";"11";"Специальный, передвижная дизельная насосная установка";"true"
"555";"325177329";"28";"Специализированный, полуприцеп-самосвал";"true"
"556";"325177329";"60";"Стреловой кран";"true"
"557";"325177329";"62";"Погрузчик колесный";"true"
"558";"325177329";"11";"Автоцистерна АКН";"true"
"559";"325177329";"62";"Мини-погрузчик с бортовым поворотом";"true"
"560";"325177329";"7";"Пожарный автомобиль комбинированного тушения";"true"
"561";"325177329";"36";"Бульдозер гусеничный";"true"
"562";"325177329";"25";"Специализированный, для перевозки зерна и комбикорма";"true"
"563";"417337227";"34";"Шарнирно-сочлененный самосвал";"true"
"564";"417337227";"11";"Специализированный, цистерна";"true"
"565";"417337227";"15";"Мастерская";"true"
"566";"417337227";"31";"Вилочный погрузчик";"true"
"567";"417337227";"11";"Специализированный, автомобиль-металловоз с ГМ";"true"
"568";"417337227";"3";"Автомобиль-фургон изотермический с грузоподъемным бортом";"true"
"569";"417337227";"31";"Погрузчик вилочный";"true"
"570";"417337227";"3";"Грузовой промтоварный";"true"
"571";"417337227";"162";"Прицеп тракторный";"true"
"572";"417337227";"11";"Специальный, самосвал с КМУ";"true"
"573";"417337227";"11";"Сортиментовоз с ГМ";"true"
"574";"417337227";"11";"Специальный, многофункциональная комбинированная дорожная машина";"true"
"575";"417337227";"11";"Специализированный, автомобиль-сортиментовоз с КМУ";"true"
"576";"417337227";"12";"Автомобиль ритуальный";"true"
"577";"417337227";"11";"Машина комбинированная";"true"
"578";"417337227";"11";"Специальный, автобетононасос";"true"
"579";"417337227";"162";"Полуприцеп тракторный самосвальный";"true"
"580";"417337227";"15";"Специальный, автомобиль грузовой для перевозки оборудования дорожного мастера";"true"
"581";"417337227";"45";"Самоходный сваевдавливающий копер";"true"
"582";"417337227";"11";"Машина дорожная комбинированная";"true"
"583";"417337227";"35";"Экскаватор гусеничный";"true"
"584";"417337227";"11";"Цистерна";"true"
"585";"417337227";"3";"Грузовой изотермический с гидробортом";"true"
"586";"417337227";"162";"Прицеп измельчитель древесный";"true"
"587";"507950052";"162";"Машина распределяющая полуприцепная";"true"
"588";"507950052";"34";"Погрузчик для подземных работ";"true"
"589";"507950052";"34";"Шахтный самосвал для подземных работ";"true"
"590";"507950052";"48";"Машина уборочная";"true"
"591";"507950052";"3";"Специализированный, транспортное средство для перевозки опасных грузов";"true"
"592";"507950052";"62";"Погрузчик-экскаватор";"true"
"593";"507950052";"32";"Трактор промышленный";"true"
"594";"507950052";"28";"Специализированный, полуприцеп сортиментовозный";"true"
"595";"507950052";"28";"Специальный, полуприцеп-самосвал";"true"
"596";"507950052";"28";"Полуприцеп фургон рефрижератор";"true"
"597";"595518251";"16";"Специальный, бортовой с КМУ";"true"
"598";"595518251";"11";"Специализированный, лесовоз";"true"
"599";"595518251";"34";"Первичный измельчитель";"true"
"600";"595518251";"15";"Специальный, аварийная служба";"true"
"601";"595518251";"164";"Вилочный погрузчик";"true"
"602";"595518251";"62";"Погрузчик колесный фронтальный";"true"
"603";"595518251";"16";"Автомобиль бортовой с краном-манипулятором""";"true"
"604";"595518251";"38";"Каток ручной";"true"
"605";"595518251";"16";"Специализированный, автомобиль грузовой с КМУ";"true"
"606";"595518251";"20";"Прицеп-автолавка";"true"
"607";"595518251";"12";"Автомобиль медицинской службы";"true"
"608";"595518251";"15";"Специальный, лаборатория передвижная";"true"
"609";"595518251";"4";"Тягач седельный";"true"
"610";"595518251";"11";"Автомобиль зерновоз";"true"
"611";"595518251";"35";"Экскаватор одноковшовый колесный";"true"
"612";"595518251";"11";"Автомобиль-самосвал с КМУ (ломовоз)";"true"
"613";"595518251";"62";"Погрузчик одноковшовый специальный фронтальный";"true"
"614";"595518251";"11";"Специализированный, сортиментовоз";"true"
"615";"595518251";"16";"Автомобиль специальный бортовой с краном-манипулятором";"true"
"616";"681999715";"6";"Специальный, рефрижератор";"true"
"617";"681999715";"10";"Автобус";"true"
"618";"681999715";"16";"Крюковой погрузчик";"true"
"619";"681999715";"31";"Электрическая тележка";"true"
"620";"681999715";"35";"Экскаватор-перегружатель колесный";"true"
"621";"681999715";"62";"Многофункциональный погрузчик фронтальный";"true"
"622";"681999715";"28";"Специализированный, для перевозки пищевых жидкостей";"true"
"623";"681999715";"11";"Машина для очистки канализационных сетей";"true"
"624";"681999715";"3";"Для перевозки грузов общего назначения";"true"
"625";"681999715";"11";"Комбинированная дорожная машина";"true"
"626";"681999715";"16";"Бортовая платформа с КМУ";"true"
"627";"681999715";"42";"Ресайклер";"true"
"628";"681999715";"60";"Кран стреловой короткобазовый";"true"
"629";"681999715";"35";"Перегружатель";"true"
"630";"681999715";"164";"Вилочный дизельный автопогрузчик";"true"
"631";"681999715";"15";"Агрегат для сбора газового конденсата и нефти";"true"
"632";"681999715";"62";"Телескопический погрузчик";"true"
"633";"681999715";"49";"Передвижная осветительная мачта";"true"
"634";"681999715";"164";"Дизельный автопогрузчик";"true"
"635";"764050181";"11";"Специальный, комбинированная дорожная машина";"true"
"636";"764050181";"162";"Распределитель вяжущих материалов";"true"
"637";"764050181";"48";"Машина коммунальная";"true"
"638";"764050181";"5";"Специализированный, автомобиль-самосвал";"true"
"639";"764050181";"164";"Погрузчик";"true"
"640";"764050181";"34";"Землевоз с шарнирно-сочлененной рамой";"true"
"641";"764050181";"4";"Тягач специальный";"true"
"642";"764050181";"38";"Каток траншейный самоходный";"true"
"643";"846543530";"25";"Прицеп самосвальный трехосный";"true"
"644";"846543530";"60";"Кран самоходный";"true"
"854";"1874612553";"34";"Дробилка щековая";"true"
"645";"846543530";"28";"Специализированный, для перевозки зерна и комбикорма";"true"
"646";"846543530";"11";"Автомобиль-тягач лесовозный";"true"
"647";"846543530";"4";"Специализированный, седельный тягач для буксировки полуприцепов для перевозки опасных грузов";"true"
"648";"846543530";"31";"Электропогрузчик вилочный";"true"
"649";"846543530";"3";"Фургон промтоварный";"true"
"650";"846543530";"10";"Специальный, автомобиль вахтовый";"true"
"651";"846543530";"32";"Трактор гусеничный сельскохозяйственный";"true"
"652";"846543530";"6";"Автомобиль-фургон рефрижератор с грузоподъемным гидробортом";"true"
"653";"846543530";"33";"Самоходный смеситель кормораздатчик";"true"
"654";"846543530";"11";"Специальный, агрегат цементировочный";"true"
"655";"846543530";"36";"Бульдозер колесный универсальный";"true"
"656";"846543530";"62";"Погрузчик фронтальный колесный";"true"
"657";"889741783";"11";"Специальный, сортиментовоз с КМУ";"true"
"658";"889741783";"62";"Погрузчик фронтальный с телескопической стрелой";"true"
"659";"889741783";"166";"Снегоболотоход гусеничный";"true"
"660";"889741783";"25";"Прицеп-зерновоз";"true"
"661";"889741783";"3";"Грузовой изотермический";"true"
"662";"889741783";"12";"Специальный АСМП";"true"
"663";"889741783";"25";"Прицеп-роспуск лесовозный";"true"
"664";"889741783";"28";"Специальный, рефрижератор";"true"
"665";"889741783";"49";"Машина для строительства, содержания и ремонта лесовозных дорог";"true"
"666";"889741783";"49";"Снегоуплотнительная машина";"true"
"667";"889741783";"166";"Снегоболотоход колесный";"true"
"668";"889741783";"16";"Автомобиль-самосвал с краном-манипулятором";"true"
"669";"889741783";"10";"Специальный, автобус";"true"
"670";"889741783";"11";"Специализированный, автомобиль-сортиментовоз";"true"
"671";"889741783";"15";"Специальный, автомобиль грузовой дорожный мастер-разметочная";"true"
"672";"889741783";"33";"Машина самоходная для фрезерования почвы";"true"
"673";"968939519";"11";"Экскаватор-планировщик ПМС";"true"
"674";"968939519";"32";"Трактор колесный";"true"
"675";"968939519";"3";"Грузопассажирский";"true"
"676";"968939519";"60";"Кран";"true"
"677";"968939519";"45";"Мобильная установка разведочного бурения";"true"
"678";"968939519";"33";"Каток";"true"
"679";"968939519";"13";"Специальный, передвижная буровая установка";"true"
"680";"1050008957";"15";"Мастерская передвижная";"true"
"681";"1050008957";"49";"Подъемник мачтовый телескопический";"true"
"682";"1050008957";"12";"Специальный, автомобиль медицинской службы";"true"
"683";"1050008957";"47";"Тягач трелевочный";"true"
"684";"1050008957";"28";"Полуприцеп специальный";"true"
"685";"1050008957";"11";"Снегоочиститель шнекороторный";"true"
"686";"1050008957";"166";"Транспортно-гусеничный вездеход";"true"
"1123";"3699538683";"49";"Машина льдозаливочная";"true"
"688";"1050008957";"31";"Электрический ричтрак";"true"
"689";"1050008957";"1";"Грузовой с бортовой платформой";"true"
"690";"1050008957";"162";"Бетононасос";"true"
"691";"1050008957";"13";"Автомобильный кран стреловой";"true"
"692";"1050008957";"33";"Сельскохозяйственный опрыскиватель";"true"
"693";"1050008957";"15";"Специальный, мастерская";"true"
"694";"1050008957";"16";"Специальный, подъемник автомобильный";"true"
"695";"1050008957";"47";"Гусеничная трелевочная";"true"
"696";"1124623479";"14";"Специальный, автотопливозаправщик";"true"
"697";"1124623479";"33";"Кормоуборочный комбайн";"true"
"698";"1124623479";"25";"Специализированный, прицеп-самосвал";"true"
"699";"1124623479";"11";"Специальный, машина комбинированная уборочная";"true"
"700";"1124623479";"48";"Поломоечная машина";"true"
"701";"1124623479";"15";"Специальный, установка промысловая паровая передвижная";"true"
"702";"1124623479";"31";"Автопогрузчик";"true"
"703";"1207264565";"16";"Специальный, оснащенный подъемником с рабочей платформой";"true"
"704";"1207264565";"33";"Зерноуборочный комбайн";"true"
"705";"3903194417";"32";"Трактор гусеничный";"true"
"706";"1207264565";"34";"Установка сортировочная передвижная (грохот)";"true"
"707";"1207264565";"13";"Специальный, машина бурильно шнековая";"true"
"708";"1207264565";"47";"Самоходная лесная машина";"true"
"709";"1207264565";"16";"Автомобиль кран-манипулятор";"true"
"710";"1207264565";"62";"Погрузчик на колесном ходу с навесной экскаваторной установкой";"true"
"711";"1207264565";"25";"Специализированный, для перевозки колесногусеничной техники";"true"
"712";"1207264565";"36";"Трактор промышленный на гусеничном ходу";"true"
"713";"1207264565";"44";"Снегоочиститель роторный";"true"
"714";"1207264565";"31";"Штабелер";"true"
"715";"1207264565";"11";"Автомобиль-сортиментовоз с гидроманипулятором";"true"
"716";"1280605402";"35";"Полноповоротный гидравлический мини-экскаватор";"true"
"717";"1280605402";"11";"Грузовой автобетононасос";"true"
"718";"1280605402";"33";"Самоходный опрыскиватель";"true"
"719";"1280605402";"3";"Фургон для хлебобулочных изделий";"true"
"720";"1280605402";"11";"Специальный, автомобиль-ломовоз с КМУ";"true"
"721";"1280605402";"25";"Прицеп для перевозки грузов";"true"
"722";"1280605402";"34";"Карьерный самосвал";"true"
"723";"1280605402";"25";"Специализированный, прицеп сортиментовоз";"true"
"724";"1280605402";"34";"Машина погрузочно-транспортная";"true"
"725";"1280605402";"16";"Специальный, крюковой погрузчик";"true"
"726";"1280605402";"25";"Специальный, автобетоносмеситель";"true"
"727";"1280605402";"11";"Специальный, ломовоз с КМУ";"true"
"728";"1421695852";"21";"Прицеп прочее";"true"
"729";"1421695852";"25";"Специальный, установка смесительная для гидратации смесей";"true"
"730";"1421695852";"34";"Самоходный барабанный просеиватель";"true"
"731";"1503623847";"33";"Смеситель-раздатчик кормов";"true"
"732";"1503623847";"11";"Специальное транспортное средство, автогудронатор";"true"
"733";"1503623847";"11";"Специальный, машина вакуумная";"true"
"734";"1503623847";"12";"Специальный, автомобиль для перевозки трупов";"true"
"735";"1503623847";"11";"Автомобиль металловоз с КМУ";"true"
"736";"1503623847";"62";"Погрузчик-перегружатель контейнерный ричстакер";"true"
"737";"1503623847";"36";"Трактор гусеничный с бульдозерным оборудованием";"true"
"738";"1503623847";"62";"Погрузчик колесный ковшовый";"true"
"739";"1503623847";"11";"Автомобиль-сортиментовоз с ГМУ";"true"
"740";"1503623847";"11";"Грузовой-контейнеровоз";"true"
"741";"1503623847";"25";"Прицеп автомобильный";"true"
"742";"1503623847";"48";"Машина для коммунального и дорожного хозяйства";"true"
"743";"1503623847";"163";"Компрессор передвижной";"true"
"744";"1503623847";"33";"Плуг полунавесной оборотный";"true"
"745";"1503623847";"164";"Колесный вилочный автопогрузчик";"true"
"746";"1503623847";"49";"Машина сваебойная";"true"
"747";"1503623847";"165";"Специальный, пассажирское транспортное средство";"true"
"748";"1575485719";"49";"Прицепной растворосмеситель";"true"
"749";"1575485719";"14";"Грузовой-автокран";"true"
"750";"1575485719";"33";"Навесной оборотный плуг";"true"
"751";"1575485719";"33";"Каток кольчато-зубчатый";"true"
"752";"1575485719";"6";"Автомобиль-фургон специализированный (рефрижератор)";"true"
"753";"1575485719";"3";"Предназначен для перевозки хлебобулочных изделий";"true"
"754";"1575485719";"11";"Специализированный, для перевозки зерна и комбикорма";"true"
"755";"1575485719";"3";"Грузовой фургон цельнометаллический";"true"
"756";"1575485719";"11";"Машина каналопромывочная";"true"
"757";"1575485719";"38";"Каток дорожный грунтовый";"true"
"758";"1575485719";"10";"Автобус специальный";"true"
"759";"1575485719";"45";"Мобильная буровая система";"true"
"760";"1575485719";"12";"Специализированный, катафалк";"true"
"761";"1575485719";"11";"Мусоровоз с задней загрузкой";"true"
"762";"1575485719";"25";"Мобильный барабанный просеиватель";"true"
"763";"1575485719";"32";"Трактор малогабаритный";"true"
"764";"1575485719";"11";"Специальный, лесовоз с КМУ";"true"
"765";"1575485719";"31";"Автопогрузчик электрический";"true"
"766";"1575485719";"44";"Снегоочиститель шнекороторный";"true"
"767";"1669134452";"49";"Самоходная бетоносмесительная установка";"true"
"768";"1669134452";"11";"Специальный, машина каналопромывочная";"true"
"769";"1669134452";"37";"Автогрейдер колесный";"true"
"770";"1669134452";"33";"Комбайн кормоуборочный самоходный высокопроизводительный";"true"
"771";"1669134452";"162";"Прицеп специальный тракторный";"true"
"772";"1669134452";"12";"Специальный, катафалк";"true"
"773";"1669134452";"16";"Специальный, портальный погрузчик";"true"
"774";"1669134452";"49";"Установка сваебойная копровая";"true"
"775";"1669134452";"25";"Специализированный, прицеп-тяжеловоз";"true"
"1034";"3064499510";"49";"Машина энергетическая самоходная";"true"
"777";"1669134452";"162";"Разбрасыватель песка тракторный";"true"
"778";"1669134452";"163";"Компрессор прицепной";"true"
"779";"1669134452";"28";"Специализированный цистерна";"true"
"780";"1669134452";"10";"Автобус общего назначения";"true"
"781";"1669134452";"15";"Специальный, аварийноремонтная мастерская";"true"
"782";"1669134452";"3";"Фургон хлебный";"true"
"783";"1669134452";"15";"Передвижная автомастерская";"true"
"784";"1669134452";"49";"Ледозаливочная машина";"true"
"785";"1669134452";"3";"Автомобиль-фургон специальный";"true"
"786";"1669134452";"62";"Погрузчик малогабаритный";"true"
"787";"1669134452";"10";"Автомобиль-вахта";"true"
"788";"1669134452";"62";"Строительный фронтальный одноковшовый колесный погрузчик";"true"
"789";"1669134452";"16";"Специальный, подъемник автомобильный типа ПСС";"true"
"790";"1669134452";"60";"Гусеничный кран";"true"
"791";"1669134452";"33";"Комбайн самоходный зерноуборочный";"true"
"792";"1669134452";"163";"Прицеп-станция компрессорная";"true"
"793";"1669134452";"20";"Специальный, передвижная компрессорная станция";"true"
"794";"1726295201";"34";"Установка мобильная сортировочная";"true"
"795";"1726295201";"49";"Электрический коленчатый подъемник";"true"
"796";"1726295201";"11";"Автомобиль-сортиментовоз с ГМ";"true"
"797";"1726295201";"11";"Автомобиль сортиментовоз";"true"
"798";"1726295201";"14";"Автомобиль-фургон специальный";"true"
"799";"1726295201";"16";"Специальный автоэвакуатор оснащенный краном-манипулятором";"true"
"800";"1726295201";"11";"Специальный автогудронатор";"true"
"801";"1726295201";"32";"Трактор сельскохозяйственный";"true"
"802";"1768510182";"162";"Прицеп тракторный сельскохозяйственный специальный";"true"
"803";"1768510182";"33";"Комплекс кормоуборочный высокопроизводительный";"true"
"804";"1768510182";"45";"Агрегат подъемный для ремонта и бурения скважин самоходный";"true"
"805";"1768510182";"38";"Каток дорожный самоходный тандемный вибрационный";"true"
"806";"1768510182";"16";"Автомобиль бортовой специализированный";"true"
"807";"1768510182";"11";"Специализированный, лесовоз с КМУ";"true"
"808";"1768510182";"42";"Дорожно-разметочная машина";"true"
"809";"1768510182";"25";"Прицеп специальный тентованный";"true"
"810";"1768510182";"1";"Бортовая тентованная платформа";"true"
"811";"1768510182";"28";"Специализированный, полуприцеп изотермический";"true"
"812";"1768510182";"25";"Специальный, для рубки древесины";"true"
"813";"1768510182";"35";"Экскаватор одноковшовый гусеничный";"true"
"814";"1768510182";"62";"Контейнерный перегружатель ричстакер";"true"
"815";"1808045428";"60";"Кран монтажный специальный";"true"
"816";"1808045428";"166";"Снегоболотоход многоцелевой";"true"
"817";"1808045428";"62";"Экскаватор-погрузчик фронтальный";"true"
"818";"1808045428";"32";"Трактор колесный малогабаритный";"true"
"819";"1808045428";"25";"Специализированный, прицеп-контейнеровоз";"true"
"820";"1808045428";"21";"Прицеп, фургон изотермический";"true"
"821";"1808045428";"31";"Электрический погрузчик";"true"
"822";"1808045428";"3";"Автомобиль-фургон общего назначения";"true"
"823";"1808045428";"11";"Специализированный, трубоплетевоз";"true"
"824";"1808045428";"25";"Специализированный, прицеп-роспуск трубоплетевозный";"true"
"825";"1808045428";"16";"Автомобиль-самосвал специальный с КМУ";"true"
"826";"1808045428";"25";"Специальный, прицепной измельчитель";"true"
"827";"1808045428";"33";"Комбинированный посевной комплекс";"true"
"828";"1808045428";"3";"Специальный, оснащенный броневой защитой";"true"
"829";"1808045428";"3";"Автомобиль-фургон специализированный";"true"
"830";"1808045428";"25";"Прицеп-фургон общего назначения";"true"
"831";"1829203283";"33";"Самоходная косилка";"true"
"832";"1829203283";"33";"Косилка с двигателем";"true"
"833";"1829203283";"28";"Специализированный, для перевозки автомобилей";"true"
"834";"1829203283";"15";"Автомобиль для выездной торговли";"true"
"835";"1829203283";"164";"Дизельный погрузчик";"true"
"836";"1829203283";"1";"Платформа с передним высоким бортом, с тентом и задними распашными воротами";"true"
"837";"1829203283";"62";"Погрузчик ковшовый";"true"
"838";"1829203283";"47";"Валочно-пакетирующая машина";"true"
"839";"1829203283";"162";"Полуприцеп самосвальный ковшовый тракторный";"true"
"840";"1829203283";"15";"Специальный, мастерская передвижная с КМУ";"true"
"841";"1850878586";"3";"Специализированный, автомобиль для перевозки и временного хранения взрывчатых веществ";"true"
"842";"1850878586";"49";"Сваебойная машина";"true"
"843";"1850878586";"28";"Специализированный, контейнеровоз";"true"
"844";"1850878586";"162";"Прицепная тракторная подметально-уборочная машина";"true"
"845";"1850878586";"163";"Дизельная насосная станция";"true"
"846";"1874612553";"42";"Перегружатель ленточного типа";"true"
"847";"1874612553";"38";"Грунтовый каток";"true"
"848";"1874612553";"13";"Машина бурильная геологоразведочная";"true"
"849";"1874612553";"25";"Специальный, для ямочного ремонта асфальтобетонного покрытия";"true"
"850";"1874612553";"42";"Анти-сегрегационный перегружатель";"true"
"851";"1874612553";"36";"Трактор с бульдозерным и рыхлительным оборудованием";"true"
"852";"1874612553";"15";"Мастерская специальная";"true"
"853";"1874612553";"11";"Специализированный, транспортное средство для перевозки нефтепродуктов";"true"
"855";"1874612553";"42";"Самоходная плита для укладки литого асфальта";"true"
"856";"1874612553";"25";"Прицепной растворонасос";"true"
"857";"1874612553";"162";"Машина для внесения твердых органических удобрений";"true"
"250";"1874612553";"42";"Бетоноукладчик";"true"
"687";"1901829619";"60";"Кран гусеничный";"true"
"66";"1901829619";"25";"Прицеп-фудтрак";"true"
"201";"1901829619";"35";"Универсальная строительная машина";"true"
"858";"1901829619";"16";"Специальный эвакуатор с КМУ";"true"
"859";"1901829619";"16";"Автомобиль эвакуатор";"true"
"1035";"3064499510";"45";"Самоходная бурильная установка";"true"
"861";"1901829619";"60";"Кран колесный";"true"
"862";"1901829619";"7";"Пожарная автоцистерна";"true"
"863";"1946935402";"28";"Специальный, прицеп для перевозки транспортных средств";"true"
"864";"1946935402";"11";"Контейнеровоз специальный";"true"
"865";"1946935402";"16";"Автомобиль специальный (эвакуатор)";"true"
"866";"1946935402";"47";"Машина гусеничная трелевочная";"true"
"867";"1946935402";"16";"Специальный эвакуатор";"true"
"868";"1946935402";"49";"Установка подъемная передвижная";"true"
"869";"1946935402";"10";"Автомобиль вахтовый специальный";"true"
"870";"1946935402";"6";"Автофургон-рефрижератор с гидробортом";"true"
"871";"1946935402";"62";"Погрузчик телескопический сельскохозяйственный";"true"
"872";"1946935402";"6";"Автомобиль-фургон (рефрижератор) с грузоподъемным бортом";"true"
"873";"1946935402";"38";"Дорожный каток";"true"
"874";"1946935402";"16";"Мобильный подъемник с рабочей платформой";"true"
"182";"1973589310";"31";"Электромобиль";"true"
"875";"1972145391";"45";"Самоходная буровая машина";"true"
"876";"1972145391";"6";"Грузовые, рефрижераторы";"true"
"877";"1972145391";"13";"Грузовой-кран";"true"
"878";"1972145391";"1";"Грузовые, бортовые";"true"
"879";"1972145391";"49";"Многофункциональная самоходная платформа";"true"
"880";"1972145391";"25";"Специализированный, прицеп для перевозки снегоболотохода";"true"
"881";"1972145391";"48";"Вакуумная подметально-уборочная машина";"true"
"882";"1972145391";"162";"Прицепная подметально-уборочная машина";"true"
"883";"1972145391";"162";"Прицеп тракторный двухосный";"true"
"884";"1972145391";"47";"Гусеничная транспортая машина";"true"
"885";"1972145391";"38";"Каток двухосный трехвальцовый";"true"
"886";"1972145391";"11";"Агрегат цементировочный";"true"
"887";"1972145391";"25";"Специальный, передвижной пункт питания";"true"
"888";"1972145391";"28";"Специализированный, полуприцеп для перевозки скота";"true"
"889";"1972145391";"33";"Агрегат почвообрабатывающий дисковый";"true"
"890";"1972145391";"11";"Специальный, вакуумно-подметательная машина";"true"
"891";"1972145391";"6";"Перевозка продуктов питания";"true"
"235";"1973589310";"49";"Мобильная сваебойная установка";"true"
"892";"2067577205";"38";"Вибрационный каток";"true"
"893";"2067577205";"164";"Автопогрузчик с дизельным двигателем";"true"
"894";"2067577205";"162";"Лесовозный прицеп";"true"
"895";"2067577205";"27";"Полуприцеп раздвижной";"true"
"896";"2067577205";"42";"Машина дорожная разметочная";"true"
"897";"2067577205";"38";"Виброкаток двухвальцовый";"true"
"898";"2067577205";"28";"Полуприцеп самосвал с манипулятором";"true"
"899";"2067577205";"164";"Самоходный вилочный погрузчик";"true"
"900";"2067577205";"164";"Газовый автопогрузчик";"true"
"901";"2067577205";"42";"Дорожная фреза";"true"
"902";"2067577205";"22";"Специализированный, прицеп-цистерна";"true"
"903";"2067577205";"36";"Трактор гусеничный промышленный";"true"
"904";"2067577205";"25";"Специализированный, прицеп-роспуск";"true"
"905";"2067577205";"16";"Автомобиль с краном-манипулятором";"true"
"906";"2067577205";"165";"Специализированный пассажирский";"true"
"907";"2067577205";"47";"Универсальная машина для лесного хозяйства";"true"
"908";"2067577205";"34";"Самосвал с шарнирно-сочлененной рамой";"true"
"909";"2067577205";"11";"Специализированный, для перевозки автомобилей";"true"
"910";"2067577205";"1";"Автомобиль бортовой со шторным механизмом с распашными воротами";"true"
"911";"2067577205";"33";"Упаковщик рулонов";"true"
"912";"2067577205";"49";"Мобильный измельчитель";"true"
"913";"2067577205";"35";"Экскаватор многоковшовый цепной";"true"
"914";"2067577205";"25";"Специальный, мобильный офис";"true"
"915";"2067577205";"162";"Грейдер полуприцепной";"true"
"916";"2067577205";"48";"Машина для коммунального хозяйства";"true"
"917";"2067577205";"162";"Прицеп тракторный универсальный";"true"
"918";"2067577205";"28";"Специализированный, рефрижератор";"true"
"919";"2067577205";"166";"Снегоболотоход колесный малогабаритный";"true"
"920";"2067577205";"36";"Трактор с бульдозерным оборудованием";"true"
"921";"2067577205";"62";"Погрузчик с бортовым поворотом";"true"
"776";"2083222071";"15";"Машина дорожная разметочная";"true"
"860";"2083222071";"13";"Специальный, установка разведочного бурения";"true"
"922";"2118465020";"11";"Специальный, машина подметально-вакуумная";"true"
"923";"2118465020";"13";"Машина бурильная шнековая";"true"
"924";"2118465020";"164";"Самоходный колесный погрузчик";"true"
"925";"2118465020";"162";"Тракторный сдвижной полуприцеп";"true"
"926";"2118465020";"49";"Бетоносмеситель с самозагрузкой";"true"
"927";"2118465020";"35";"Экскаватор колесный";"true"
"928";"2118465020";"31";"Фронтальный вилочный погрузчик";"true"
"929";"2118465020";"11";"Специализированный, для перевозки животных";"true"
"930";"2118465020";"11";"Специальный, сортиментовоз";"true"
"931";"2142316163";"33";"Косилка самоходная";"true"
"932";"2142316163";"48";"Вакуумно подметальная машина";"true"
"933";"2142316163";"16";"Автомобиль-крюковой погрузчик";"true"
"934";"2142316163";"60";"Кран самоходный на гусеничном ходу";"true"
"935";"2142316163";"16";"Автовышка";"true"
"936";"2142316163";"25";"Прицеп грузовой трехосный";"true"
"937";"2142316163";"15";"Специальный, передвижная компрессорная станция";"true"
"938";"2194548664";"49";"Бетоносмеситель самоходный";"true"
"939";"2194548664";"36";"Компактор";"true"
"940";"2194548664";"49";"Бетоносмеситель с функцией самозагрузки";"true"
"941";"2194548664";"33";"Машина для внесения пылевидных химмелиорантов";"true"
"942";"2194548664";"11";"Специальный, бункер для перевозки и разгрузки сухих кормов";"true"
"943";"2222410228";"162";"Прицеп коммунальный комбинированный";"true"
"944";"2222410228";"49";"Подъемник специальный многофункциональный";"true"
"945";"2222410228";"62";"Погрузчик полноповоротный";"true"
"946";"2222410228";"31";"Самоходный колесный погрузчик";"true"
"947";"2222410228";"25";"Специальный, пневмонагнетатель";"true"
"948";"2222410228";"15";"Специальный, для работы с жидкими химическими реагентами";"true"
"949";"2248971331";"47";"Машина лесная погрузочно-разгрузочная";"true"
"950";"2248971331";"15";"Специальный, фургон оснащенный краном-манипулятором";"true"
"951";"2248971331";"16";"Специальный, автопогрузчик";"true"
"952";"2248971331";"25";"Прицеп со специализированным кузовом";"true"
"953";"2248971331";"49";"Самоходный коленчатый подъемник";"true"
"954";"2248971331";"31";"Ножничный подъемник";"true"
"955";"2248971331";"165";"Пассажирский фургон";"true"
"956";"2477422877";"15";"Автомобиль-мастерская";"true"
"957";"2477422877";"28";"Специализированный, транспортное средство для перевозки опасных грузов";"true"
"958";"2477422877";"27";"Полуприцеп автомобильный";"true"
"959";"2477422877";"15";"Лаборатория перфораторной станции";"true"
"960";"2477422877";"15";"Подъемник каротажный самоходный";"true"
"961";"2477422877";"36";"Бульдозер с неповоротным отвалом";"true"
"962";"2477422877";"25";"Специализированный, ломовоз";"true"
"963";"2477422877";"33";"Средство энергетическое универсальное";"true"
"964";"3903194417";"31";"Электрический штабелер-ричтрак";"true"
"965";"2477422877";"166";"Снегоболотоход двухзвенный гусеничный";"true"
"966";"2477422877";"28";"Специализированный, транспортное средство для перевозки нефтепродуктов";"true"
"967";"2527979174";"49";"Вибрационный источник сейсмических сигналов";"true"
"968";"2527979174";"16";"Специальный, крюковой погрузчик с КМУ";"true"
"969";"2527979174";"45";"Установка буровая";"true"
"970";"2527979174";"34";"Мобильный грохот";"true"
"971";"2527979174";"28";"Самосвальный полуприцеп";"true"
"972";"2527979174";"31";"Микроавтобус электрический";"true"
"973";"2609737065";"33";"Картофелесажалка";"true"
"974";"2633027164";"49";"Бетоносмесительная машина";"true"
"975";"2633027164";"164";"Автопогрузчик фронтальный";"true"
"976";"2633027164";"28";"Полуприцеп-дробильная установка";"true"
"977";"2633027164";"45";"Пневмоударный буровой станок";"true"
"978";"2633027164";"16";"Специальный, подъемник-кран стреловой";"true"
"979";"2633027164";"27";"Грузовой полуприцеп общего назначения";"true"
"980";"2633027164";"45";"Мобильная буровая установка";"true"
"981";"2633027164";"38";"Каток грунтовый";"true"
"982";"2633027164";"49";"Установка для регенерации асфальтобетона";"true"
"983";"2633027164";"25";"Специальный, для перевозки сменных кузовов";"true"
"984";"2633027164";"44";"Снегоочиститель фрезерно-роторный";"true"
"985";"2633027164";"28";"Специализированный, цементовоз";"true"
"986";"2657774753";"47";"Самоходный гусеничный мульчер";"true"
"987";"2657774753";"35";"Полноповоротный экскаватор-перегружатель";"true"
"988";"2657774753";"45";"Роторная буровая установка";"true"
"1036";"3064499510";"164";"Дизельный вилочный автопогрузчик";"true"
"989";"2657774753";"25";"Специальный, передвижная парогенераторная установка";"true"
"990";"2657774753";"1";"Грузовой бортовой тентованый с распашными воротами";"true"
"991";"2657774753";"11";"Специальный, экскаватор";"true"
"992";"2711071641";"162";"Прицепной пневмонагнетатель";"true"
"993";"2711071641";"166";"Гусеничный вездеход";"true"
"994";"2711071641";"10";"Специализированный, автомобиль вахтовый";"true"
"995";"2711071641";"60";"Кран стреловой самоходный";"true"
"996";"2711071641";"49";"Телескопический подъемник";"true"
"997";"2711071641";"1";"Бортовая платформа с тентом";"true"
"998";"2800828522";"3";"Специальный, фургон с гидробортом";"true"
"999";"2800828522";"25";"Специальный, прицеп-туалет";"true"
"1000";"2800828522";"162";"Пескоразбрасыватель полуприцепной тракторный";"true"
"1001";"2800828522";"162";"Прицеп тракторный трехосный";"true"
"1002";"2800828522";"38";"Двухвальцовый вибрационный каток";"true"
"1003";"2800828522";"62";"Машина для выемки и перемещения грунта";"true"
"1004";"2800828522";"38";"Каток вибрационный комбинированный двухосный";"true"
"1005";"2800828522";"11";"Специализированный, для перевозки сжиженных углеводородных газов";"true"
"1006";"2800828522";"165";"Специализированный, пассажирское транспортное средство";"true"
"1007";"2897711847";"42";"Машина фрезерная";"true"
"1008";"2897711847";"34";"Самосвал";"true"
"1009";"2897711847";"164";"Вилочный автопогрузчик колесный";"true"
"1010";"2897711847";"47";"Трелевочный трактор";"true"
"1011";"2897711847";"27";"Специализированный, транспортное средство для перевозки длинномерных грузов";"true"
"1012";"2897711847";"27";"Полуприцеп грузовой четырехосный";"true"
"1013";"2897711847";"45";"Копер гусеничный";"true"
"1014";"2897711847";"6";"Рефрижератор с гидробортом";"true"
"1015";"2897711847";"48";"Снегопогрузчик лаповый";"true"
"1016";"2897711847";"11";"Специализированный, сортиментовоз с ГМУ";"true"
"1017";"2897711847";"28";"Специальный, агрегат цементировочный";"true"
"1018";"2897711847";"10";"Специальный, автобус для перевозки пассажиров и грузов";"true"
"1019";"2897711847";"32";"Трактор для сельскохозяйственных работ";"true"
"1020";"2897711847";"164";"Автопогрузчик вилочный фронтальный";"true"
"1021";"2897711847";"11";"Каналопромывочная";"true"
"1037";"3064499510";"32";"Трактор колесный для сельскохозяйственных работ";"true"
"1038";"3064499510";"162";"Прицеп вагон-дом передвижной";"true"
"1039";"3064499510";"162";"Прицеп-здание мобильное";"true"
"1040";"3064499510";"162";"прицеп-шасси";"true"
"1041";"3064499510";"162";"Прицеп тракторный-вагон-дом передвижной";"true"
"1042";"3064499510";"1";"Бортовая тентованная";"true"
"1043";"3064499510";"162";"Вагон-дом передвижной";"true"
"1044";"3064499510";"162";"Прицеп-здание мобильное контейнерного типа с собственной ходовой частью";"true"
"1045";"3064499510";"25";"Специализированный, прицеп-роспуск лесовозный";"true"
"1046";"3064499510";"62";"Погрузчик фронтальный одноковшовый самоходный";"true"
"1047";"3064499510";"33";"Опрыскиватель-разбрасыватель самоходный";"true"
"1048";"3064499510";"11";"Установка насосная для кислотной обработки скважин";"true"
"1069";"3285643960";"27";"Бортовой полуприцеп с тентом";"true"
"1070";"3285643960";"15";"Специальный, агрегат для депарафинизации скважин";"true"
"1071";"3285643960";"16";"Специальный, для перевозки сменных кузовов оснащенный устройством погрузки и разгрузки";"true"
"1072";"3285643960";"49";"Гусеничная энергетическая самоходная машина";"true"
"1073";"3903194417";"28";"Специальный, для обслуживания нефтяных и газовых скважин";"true"
"1196";"5743518";"34";"Мобильная щековая дробилка";"true"
"1222";"264662170";"45";"Бурильная установка";"true"
"1076";"3285643960";"164";"Вилочный дизельный погрузчик";"true"
"1077";"3285643960";"49";"Бетононасос стационарный";"true"
"1078";"3285643960";"10";"Специальный, автобус для перевозки детей";"true"
"1079";"3285643960";"49";"Подъемник специальный многофункциональный на базе снегохода";"true"
"1080";"3285643960";"11";"Специальный, машина вакуумная подметальная";"true"
"1081";"3285643960";"6";"Рефрижератор с гидроподъемным бортом";"true"
"1082";"3285643960";"32";"Самоходный колесно-реверсный трактор";"true"
"1083";"3349700807";"15";"Специальный, универсальный моторный подогреватель";"true"
"1084";"3349700807";"35";"Колесный экскаватор";"true"
"1085";"3349700807";"164";"Погрузчик самоходный";"true"
"1086";"3349700807";"42";"Машина для стабилизации и регенерации дорожного полотна";"true"
"1087";"3349700807";"162";"Прицеп тракторный-осушитель";"true"
"1088";"3349700807";"28";"Специальный, передвижная дизельная насосная установка";"true"
"1089";"3349700807";"11";"Специальный, установка смесительная для гидратации смесей";"true"
"1124";"3699538683";"15";"Лаборатория электротехническая";"true"
"1125";"3699538683";"11";"Автомобиль лесовоз с ГМ";"true"
"1126";"3699538683";"162";"Машина поливомоечная полуприцепная";"true"
"1127";"3699538683";"164";"Автопогрузчик колесный вилочный";"true"
"1128";"3699538683";"163";"Компрессор воздушный на колесных шасси";"true"
"1129";"3699538683";"49";"Телескопическая подъемная тележка";"true"
"1130";"3699538683";"11";"Подметально-уборочная машина";"true"
"1131";"3699538683";"25";"Специальный, бункер с устройством распределения";"true"
"1132";"3699538683";"15";"Специальный, передвижная мастерская с КМУ";"true"
"1133";"3699538683";"162";"Машина коммунальная полуприцепная";"true"
"1134";"3699538683";"49";"Установка на гусеничном ходу";"true"
"1135";"3699538683";"162";"Полуприцеп лесотранспортный";"true"
"1136";"3699538683";"45";"Роторная буровая самоходная установка";"true"
"1137";"3699538683";"35";"Экскаватор гидравлический на гусеничном ходу с грузоподъемным оборудованием";"true"
"1138";"3699538683";"45";"Сваевдавливающий копер";"true"
"1139";"3699538683";"62";"Фронтальный погрузчик для сельского хозяйства";"true"
"1140";"3798985851";"11";"Автомобиль-бетономешалка";"true"
"1141";"3798985851";"62";"Универсальный фронтальный мини-погрузчик с бортовым поворотом";"true"
"1142";"3798985851";"62";"Погрузчик универсальный";"true"
"1143";"3798985851";"11";"Специализированный, автоцистерна для технической воды и соляных растворов";"true"
"1144";"3798985851";"48";"Коммунальная машина для уборки дорог и тротуаров";"true"
"1145";"3798985851";"3";"Специализированный, для перевозки и временного хранения взрывчатых веществ и изделий";"true"
"1146";"3798985851";"60";"Кран стреловой самоходный на гусеничном ходу";"true"
"1147";"3798985851";"62";"Подъемник";"true"
"1148";"3798985851";"35";"Экскаватор гидравлический";"true"
"1149";"3798985851";"3";"Специальный, передвижной склад взрывчатых материалов и средств инициирования";"true"
"1150";"3798985851";"33";"Комбайн картофелеуборочный";"true"
"1151";"3798985851";"49";"Подъемник коленчатый с рабочей платформой";"true"
"1152";"3798985851";"20";"Специальный, передвижной дизель-генератор";"true"
"1154";"3798985851";"35";"Экскаватор одноковшовый гусеничный гидравлический";"true"
"1155";"3798985851";"62";"Минипогрузчик с боковым поворотом";"true"
"1156";"3798985851";"33";"Самоходный кормосмеситель";"true"
"1157";"3798985851";"34";"Мобильная роторная дробилка";"true"
"1158";"3798985851";"11";"Автоцистерна для транспортировки сжиженного углеводородного газа";"true"
"1074";"3903194417";"32";"Газонокосильная машина";"true"
"1159";"3903194417";"11";"Автомобиль-бетоносмеситель";"true"
"1160";"3903194417";"15";"Специальный, мобильный офис";"true"
"1161";"3903194417";"15";"Специальный, автомобиль автодом";"true"
"1162";"3903194417";"60";"Кран гидравлический";"true"
"1163";"3903194417";"11";"Пескоразбрасывающая поливомоечная";"true"
"1164";"3903194417";"15";"Лаборатория специальная";"true"
"1165";"3903194417";"16";"Грузовой с КМУ";"true"
"1166";"3903194417";"62";"Погрузчик на колесном ходу";"true"
"409";"3983661138";"35";"Полноповоротный гусеничный экскаватор";"true"
"1168";"4025678214";"49";"Машина самоходная энергетическая";"true"
"1169";"4025678214";"31";"Ричтрак электрический";"true"
"1170";"4025678214";"16";"Подъемник самоходный стреловой";"true"
"1171";"4025678214";"25";"Специальный, оснащенный подъемником с рабочей платформой";"true"
"1172";"4025678214";"45";"Самоходная установка разведочного бурения";"true"
"1173";"4025678214";"16";"Грузовой крюковой погрузчик";"true"
"1174";"4025678214";"11";"Азотная станция";"true"
"1175";"4025678214";"60";"Гусеничный стреловой кран";"true"
"1176";"4025678214";"162";"Полуприцеп тракторный герметичный";"true"
"1177";"4025678214";"35";"Карьерный экскаватор";"true"
"1178";"4025678214";"31";"Погрузчик штабелер вилочный";"true"
"1153";"4174675877";"162";"Самоходный бетононасос";"true"
"1179";"4198386966";"62";"Погрузчик телескопический вилочный";"true"
"1180";"4198386966";"49";"Подъемник телескопический";"true"
"1181";"4198386966";"162";"Рубильная машина";"true"
"1182";"4198386966";"47";"Лесозаготовительный комплекс";"true"
"1183";"4198386966";"42";"Специальная дорожная машина";"true"
"1184";"4198386966";"49";"Подъемник с рабочей платформой специальный многофункциональный";"true"
"1185";"4198386966";"15";"Специальный, для сбора нефти и газового конденсата";"true"
"1186";"4198386966";"166";"Перевозчик взрывчатых материалов";"true"
"1187";"4198386966";"16";"Специальный, мультилифт с КМУ";"true"
"1188";"4198386966";"34";"Автомобиль-самосвал";"true"
"1189";"4198386966";"32";"Трактор колесный сельскохозяйственного назначения";"true"
"1190";"4198386966";"10";"Автобус с возможностью перевозки инвалидов";"true"
"1191";"4198386966";"20";"Специальный, прицеп автодом";"true"
"1192";"4198386966";"49";"Коленчатый самоходный подъемник";"true"
"1193";"4198386966";"35";"Экскаватор колесно-гусеничный";"true"
"1194";"4198386966";"62";"Фронтальный погрузчик одноковшовый";"true"
"1195";"4198386966";"38";"Каток дорожный тандемный";"true"
"1197";"5743518";"34";"Самоходная щековая дробилка";"true"
"1198";"5743518";"34";"Самоходная сортировочная установка";"true"
"1199";"5743518";"31";"Электрический вилочный погрузчик";"true"
"1200";"5743518";"62";"Одноковшовый погрузчик";"true"
"1201";"5743518";"34";"Полумобильная вертикальная роторная дробилка";"true"
"1202";"5743518";"6";"Рефрижератор с грузоподъемным бортом";"true"
"1203";"5743518";"48";"Машина коммунально-уборочная";"true"
"1204";"5743518";"34";"Барабанный грохот";"true"
"1205";"5743518";"166";"Снегоболотоход колесный с буровой установкой";"true"
"1206";"5743518";"45";"Буровая роторная установка";"true"
"1207";"5743518";"15";"Специальный для разметки дорог";"true"
"1208";"5743518";"162";"Прицепной мини экскаватор";"true"
"1075";"104748367";"11";"Специализированный, контейнеровоз";"true"
"1209";"105420401";"38";"Вибрационный каток дорожный";"true"
"1210";"105420401";"34";"Передвижная сортировочная установка";"true"
"1211";"105420401";"33";"Зернометатель";"true"
"1212";"105420401";"60";"Кран-манипулятор";"true"
"1213";"105420401";"34";"Погрузочно-доставочная машина";"true"
"1214";"105420401";"32";"Гусеничный трактор";"true"
"1215";"105420401";"4";"Специальный, седельный тягач с лебедкой для погрузки грузов на полуприцеп";"true"
"1216";"105420401";"31";"Автопогрузчик вилочный";"true"
"1217";"105420401";"49";"Самоходная сваебойная установка";"true"
"1218";"105420401";"16";"Специальное транспортное средство, автоэвакуатор";"true"
"1219";"105420401";"49";"Подъемник самоходный телескопический";"true"
"1220";"105420401";"25";"Прицеп-тяжеловоз";"true"
"1221";"105420401";"49";"Автобетоносмеситель";"true"
"1223";"264662170";"32";"Трактор колесный сельскохозяйственный общего назначения";"true"
"1224";"264662170";"162";"Полуприцеп-тележка для перевозки скота";"true"
"1225";"264662170";"35";"Экскаватор гусеничный гидравлический полноповоротный";"true"
"1226";"264662170";"62";"Погрузчик фронтальный одноковшовый самоходный с бортовым поворотом";"true"
"1227";"264662170";"49";"Самоходная установка горизонтального направленного бурения";"true"
"1228";"264662170";"49";"Самоходный подъемник со стрелой пантографного типа";"true"
"1229";"264662170";"49";"Самоходная установка для горизонтального направленного бурения на гусеничном ходу";"true"
"1230";"264662170";"11";"Специальный, автоцистерна";"true"
"1231";"264662170";"11";"Специальный, машина вакуумная комбинированная";"true"
"1232";"264662170";"16";"Специализированный, для перевозки сменных кузовов";"true"
"1233";"264662170";"49";"Подъемник самоходный";"true"
"1234";"264662170";"35";"Экскаватор гидравлический полноповоротный";"true"
"1235";"397674780";"6";"Грузовой фургон рефрижератор с грузоподъемным бортом";"true"
"1236";"397674780";"3";"Специализированный, для перевозки хлебобулочных изделий";"true"
"1237";"397674780";"48";"Подметально-уборочная вакуумная машина";"true"
"1238";"397674780";"48";"Машина коммунальная строительная";"true"
"1239";"397674780";"62";"Фронтальный одноковшовый погрузчик на колесном ходу";"true"
"1240";"397674780";"45";"Установка буровая передвижная для ремонта скважин";"true"
"1241";"397674780";"62";"Колёсный погрузчик";"true"
"1242";"397674780";"38";"Каток дорожный асфальтовый";"true"
"1243";"397674780";"11";"Специальный, мусоровоз с задней загрузкой, с КМУ";"true"
"1244";"397674780";"62";"Самоходный телескопический погрузчик";"true"
"1245";"397674780";"35";"Гидравлический экскаватор";"true"
"1246";"397674780";"45";"Самоходная роторная буровая установка";"true"
"1247";"397674780";"49";"Измельчитель отходов";"true"
"1248";"397674780";"162";"Прицеп к снегоболотоходу";"true"
"1249";"397674780";"31";"Вилочный штабелер";"true"
"1250";"397674780";"62";"Погрузчик гусеничный";"true"
"1251";"397674780";"47";"Машина универсальная";"true"
"1252";"470875804";"49";"Аэродромный перронный автобус";"true"
"1253";"470875804";"49";"Самоходный пассажирский трап";"true"
"1254";"470875804";"49";"Аэродромный трап самоходный";"true"
"1255";"470875804";"27";"Полуприцеп бункер-перегрузчик";"true"
"1256";"470875804";"35";"Перевалочная машина";"true"
"1257";"470875804";"49";"Торкерт установка";"true"
"1258";"470875804";"33";"Культиватор-глубокорыхлитель полунавесной";"true"
"1259";"470875804";"11";"Специальный, мойщик контейнеров";"true"
"1260";"470875804";"34";"Гусеничный финишный З-дековый грохот";"true"
"1261";"470875804";"35";"Экскаватор гидравлический на гусеничном ходу";"true"
"1270";"574798968";"15";"Строительная лаборатория";"true"
"1271";"622215137";"35";"Экскаватор на гусеничном ходу";"true"
"1272";"622215137";"45";"Буровая крановая установка";"true"
"1273";"622215137";"49";"Подъемник с рабочей платформой передвижной механизированный";"true"
"1274";"622215137";"15";"Мастерская передвижная с КМУ";"true"
"1275";"622215137";"47";"Машина трелевочная гусеничная";"true"
"1276";"622215137";"35";"Экскаватор одноковшовый гусеничный полноповоротный";"true"
"1277";"622215137";"28";"Полуприцеп низкорамный";"true"
"1278";"622215137";"11";"Специальный, машина для очистки канализационных сетей";"true"
"1279";"622215137";"28";"Специализированный, фургон для перевозки пищевых продуктов";"true"
"1280";"622215137";"164";"Автопогрузчик дизельный";"true"
"1281";"622215137";"28";"Полуприцеп для перевозки скота";"true"
"1282";"667108188";"16";"Автомобиль с бортовой платформой и КМУ";"true"
"1283";"667108188";"49";"Подъемная рабочая платформа";"true"
"1284";"667108188";"45";"Агрегат подъемный для ремонта скважин";"true"
"1285";"667108188";"62";"Колесный мини-погрузчик с бортовым поворотом";"true"
"1286";"667108188";"49";"Передвижная подъемная рабочая платформа";"true"
"1287";"667108188";"12";"Специальный, мобильный медицинский комплекс";"true"
"1288";"667108188";"28";"Специализированный, для перевозки крупногабаритных шин";"true"
"1289";"667108188";"42";"Буровая фреза";"true"
"1290";"667108188";"32";"Колесный сельскохозяйственный трактор";"true"
"1291";"667108188";"62";"Экскаватор-погрузчик колесный";"true"
"1292";"667108188";"35";"Экскаватор на колесном ходу";"true"
"1293";"703516803";"49";"Мини-копровая установка на гусеничном ходу";"true"
"1294";"703516803";"36";"Бульдозер на гусеничном ходу, с неповоротным отвалом";"true"
"1295";"703516803";"1";"Бортовая платформа с тентом и воротами";"true"
"1296";"703516803";"25";"Специализированный, прицеп для перевозки водной техники";"true"
"1297";"703516803";"163";"Моторный подогреватель";"true"
"1298";"703516803";"49";"Мобильный ножничный подъёмник с рабочей платформой";"true"
"1299";"703516803";"31";"Транспортировщик паллет";"true"
"1300";"703516803";"49";"Ножничный подъемник";"true"
"1301";"703516803";"49";"Автобус перронный";"true"
"1302";"703516803";"164";"Бензиновый погрузчик";"true"
"1303";"735601672";"60";"Гусеничный кран с решетчатой стрелой";"true"
"1304";"735601672";"32";"Машина дорожная";"true"
"1305";"735601672";"62";"Фронтальный одноковшовый самоходный погрузчик";"true"
"1306";"735601672";"45";"Машина строительная бурильная";"true"
"1307";"735601672";"25";"Специальный, передвижной комплекс обеспечения безопасности дорожного движения";"true"
"1308";"735601672";"35";"Колесный экскаватор одноковшовый полноповоротный";"true"
"1309";"735601672";"28";"Полуприцеп платформа с тентом";"true"
"1310";"735601672";"11";"Специальный, для коммунального хозяйства";"true"
"1311";"735601672";"162";"Полуприцеп тракторный коммунальный";"true"
"1312";"735601672";"34";"Дробильная установка роторная";"true"
"1313";"735601672";"60";"Кран стреловой самоходный на короткобазовом шасси";"true"
"1314";"792520938";"62";"Фронтальный малогабаритный погрузчик";"true"
"1315";"792520938";"62";"Погрузчик-экскаватор самоходный колесный";"true"
"1316";"792520938";"25";"Специальный, насосный агрегат";"true"
"1317";"792520938";"62";"Колесный погрузчик";"true"
"1318";"792520938";"49";"Бетонораспределительная стрела";"true"
"1319";"792520938";"35";"Машина для разрушений";"true"
"1320";"792520938";"3";"Специализированный, пассажирский автомобиль";"true"
"1321";"792520938";"162";"Мобильная конусная дробилка";"true"
"1322";"792520938";"28";"Полуприцеп для обработки";"true"
"1323";"792520938";"15";"Передвижная лаборатория электрохимзащиты и ремонта трубопроводов";"true"
"1324";"792520938";"47";"Машина для расчистки просек";"true"
"1325";"792520938";"49";"Лесной измельчительный комплекс";"true"
"1326";"862152654";"28";"Специальный, дробильно-сортировочная установка";"true"
"1327";"862152654";"35";"Экскаватор одноковшовый колёсный полноповоротный";"true"
"1328";"862152654";"35";"Экскаватор колесный одноковшовый полноповоротный";"true"
"1329";"862152654";"15";"Специальный, мастерская передвижная";"true"
"1330";"862152654";"35";"Экскаватор универсальный колесный одноковшовый гидравлический";"true"
"1331";"862152654";"48";"Подметально-всасывающая машина";"true"
"1332";"862152654";"34";"Грузовой пневмоколесный карьерный самосвал";"true"
"1333";"862152654";"10";"Автобус городской";"true"
"1334";"862152654";"31";"Штабелер самоходный";"true"
"1335";"892891403";"49";"Самоходная торкрет-установка";"true"
"1336";"892891403";"162";"Прицеп раздатчик кормов тракторный";"true"
"1337";"892891403";"33";"Комбайн картофелеуборочный самоходный";"true"
"1338";"892891403";"3";"Специальный, фургон изотермический";"true"
"1339";"892891403";"49";"Подъёмник с рабочей платформой передвижной механизированный";"true"
"1340";"892891403";"166";"Снегоболотоход квадроцикл";"true"
"1341";"892891403";"62";"Фронтальный погрузчик с телескопической стрелой и вилочным захватом";"true"
"1342";"892891403";"62";"Погрузчики колесные сельскохозяйственные";"true"
"1343";"959856279";"48";"Машина аэродромная уборочная";"true"
"1344";"959856279";"33";"Культиватор прицепной комбинированный";"true"
"1345";"959856279";"166";"Снегоболотоход колёсный малогабаритный";"true"
"1346";"959856279";"28";"Полуприцеп фургон общего назначения";"true"
"1347";"959856279";"28";"Полуприцеп-фургон (изотермический)";"true"
"1348";"959856279";"49";"Подъемник телескопический с рабочей платформой";"true"
"1349";"959856279";"62";"Одноковшовый минипогрузчик";"true"
"1350";"959856279";"31";"Самоходный вилочный электропогрузчик";"true"
"1351";"959856279";"20";"Специальный, аттракцион";"true"
"1352";"959856279";"31";"Электрокар";"true"
"1353";"959856279";"162";"Ворошитель";"true"
"1354";"959856279";"49";"Агрегат передвижной сварочный";"true"
"1355";"959856279";"164";"Погрузчик с вилочным захватом";"true"
"1356";"959856279";"34";"Мобильная сортировочная установка";"true"
"1357";"959856279";"34";"Мобильная дробильная установка";"true"
"1358";"959856279";"62";"Универсальная машина";"true"
"1359";"959856279";"62";"Самоходный экскаватор-погрузчик";"true"
"1360";"959856279";"62";"Автопогрузчики малогабаритные";"true"
"1361";"959856279";"38";"Каток дорожный пневмошинный";"true"
"1362";"996929019";"38";"Каток дорожный тандемный вибрационный комбинированный";"true"
"1363";"996929019";"20";"Специальный, кабельный транспортер";"true"
"1364";"996929019";"36";"Бульдозер промышленный";"true"
"1365";"996929019";"32";"Средства малой механизации садово-огородного применения механизированные тракторы малогабаритные";"true"
"1366";"996929019";"162";"Полуприцеп-цистерна тракторный";"true"
"1367";"996929019";"163";"Компрессорная винтовая установка на полуприцепе тракторном";"true"
"1368";"996929019";"33";"Универсальный самоходный разбрасыватель";"true"
"1369";"996929019";"38";"Каток дорожный пневмоколёсный";"true"
"1370";"996929019";"35";"Экскаватор гусеничный одноковшовый полноповоротный";"true"
"1371";"996929019";"60";"Кран короткобазный";"true"
"1372";"996929019";"12";"Специальный, АСМП (Класс С)";"true"
"1373";"996929019";"162";"Прицеп тракторный подметальный самозагружающийся";"true"
"1374";"996929019";"31";"Погрузчик электрический";"true"
"1375";"996929019";"16";"Автомобиль-ломовоз с гидроманипулятором";"true"
"1376";"996929019";"32";"Трактор сельскохозяйственный колесный общего назначения";"true"
"1377";"1032795273";"25";"Специальный, передвижная электростанция";"true"
"1378";"1032795273";"28";"Рефрижераторный полуприцеп";"true"
"1379";"1032795273";"49";"Подъемник стреловой гусеничный с рабочей платформой";"true"
"1380";"1032795273";"49";"Мобильный подьемник с рабочей платформой с коленчатой стрелой";"true"
"1381";"1032795273";"32";"Косилка с сиденьем";"true"
"1382";"1032795273";"27";"Полуприцеп грузовой общего назначения";"true"
"1383";"1032795273";"31";"Ножничный колесный самоходный подъемник";"true"
"1384";"1062618034";"1";"Автомобиль бортовой тентованный";"true"
"1385";"1062618034";"32";"Экскаватор траншейный цепной";"true"
"1386";"1062618034";"11";"Автоцистерна для пищевых жидкостей";"true"
"1387";"1062618034";"49";"Подъемник дизельный коленчатый";"true"
"1388";"1062618034";"38";"Каток многоцелевой";"true"
"1389";"1062618034";"11";"Автомобиль-картофелевоз, автомобиль сельскохозяйственный";"true"
"1390";"1062618034";"32";"Трактор сельскохозяйственного назначения";"true"
"1391";"1062618034";"166";"Вездеход";"true"
"1392";"1062618034";"11";"Специализированная автоцистерна для перевозки пищевых жидкостей";"true"
"1393";"1062618034";"62";"Универсальный телескопический погрузчик";"true"
"1394";"1062618034";"28";"Специализированный, полуприцеп-рефрижератор";"true"
"1395";"1062618034";"31";"Тележка электрическая";"true"
"1396";"1062618034";"12";"специальный, АСМП (Класс А)";"true"
"1397";"1062618034";"49";"Самоходная бетоносмесительная машина с функцией самозагрузки";"true"
"1398";"1062618034";"14";"Специальный, автотопливомаслозаправщик";"true"
"1399";"1099557747";"49";"Машина для перемещения материала";"true"
"1400";"1099557747";"45";"Машина бурильно-крановая";"true"
"1401";"1099557747";"11";"Машина вакуумная подметально-уборочная";"true"
"1402";"1099557747";"62";"Самоходный телескопической погрузчик на колесном ходу";"true"
"1403";"1099557747";"34";"Самоходный гусеничный грохот";"true"
"1404";"1099557747";"38";"Тандемный каток";"true"
"1405";"1154800012";"62";"Погрузчик малогабаритный универсальный";"true"
"1406";"1154800012";"62";"Экскаватор-погрузчик на колесном ходу";"true"
"1407";"1154800012";"38";"Одновальцовый дорожный каток";"true"
"1408";"1154800012";"15";"Специальный, автомобиль штабной";"true"
"1409";"1154800012";"38";"Каток самоходный вибрационный";"true"
"1410";"1154800012";"31";"Мобильный ножничный подьемник с рабочей платформой";"true"
"1411";"1154800012";"12";"Специальный, АСМП (Класс В)";"true"
"1412";"1154800012";"33";"Комбайн кормоуборочный самоходный";"true"
"1413";"1154800012";"47";"Трактор лесохозяйственный";"true"
"1414";"1154800012";"164";"Вилочный погрузчик дизельный";"true"
"1415";"1154800012";"49";"Самоходный бетоносмеситель с самозагрузкой";"true"
"1416";"1154800012";"32";"Трактор сельскохозяйственный колесный";"true"
"1417";"1215390588";"16";"Грузовой тягач седельный с КМУ";"true"
"1418";"1215390588";"20";"Специальный, для организации бытовых условий и проживания";"true"
"1419";"1215390588";"45";"Копер";"true"
"1420";"1215390588";"49";"Гусеничный сейсмический вибратор";"true"
"1421";"1215390588";"34";"Щековая дробильная машина";"true"
"1422";"1215390588";"62";"Фронтальный погрузчик с бортовым поворотом";"true"
"1423";"1215390588";"49";"Мобильный подъёмник с рабочей платформой с коленчатой стрелой";"true"
"1424";"1215390588";"31";"Штабелер электрический";"true"
"1425";"1254838066";"34";"Мобильная дробилка";"true"
"1426";"1254838066";"62";"Гусеничный мини-погрузчик";"true"
"1427";"1254838066";"16";"Пеноподъемник пожарный";"true"
"1428";"1254838066";"49";"Мобильный подьемник с рабочей платформой с телескопической стрелой";"true"
"1429";"1254838066";"60";"Кран телескопический самоходный гусеничный";"true"
"1430";"1254838066";"35";"Экскаватор колёсный одноковшовый полноповоротный";"true"
"1431";"1254838066";"62";"Фронтальный погрузчик с телескопической стрелой";"true"
"1432";"1254838066";"62";"Минипогрузчик фронтальный с бортовым поворотом";"true"
"1433";"1278916089";"49";"Самоходный бетоносмеситель";"true"
"1434";"1278916089";"49";"Подъемник коленчатый самоходный";"true"
"1435";"1278916089";"38";"Каток вибрационный тандемный";"true"
"1437";"1331618918";"62";"Экскаватор-погрузчик на колесном ходу двухковшовый";"true"
"1438";"1331618918";"45";"Самоходный буровой станок на гусеничном ходу";"true"
"1439";"1331618918";"62";"Погрузчик полноповоротный";"true"
"1440";"1331618918";"33";"Комбайн свеклоуборочный самоходный";"true"
"1441";"1398021874";"31";"Самоходный четырехколесный вилочный электропогрузчик";"true"
"1442";"1398021874";"31";"Дизельный вилочный погрузчик";"true"
"1443";"1398021874";"35";"Экскаватор одноковшовый, полноповоротный";"true"
"1444";"1398021874";"62";"Автопогрузчик телескопический";"true"
"1445";"1398021874";"35";"Гусеничный мини-экскаватор";"true"
"1446";"1398021874";"34";"Мобильная сортировочная установка (грохот)";"true"
"1447";"1398021874";"35";"Экскаватор гусеничный полноповоротный";"true"
"1448";"1398021874";"35";"Гусеничный экскаватор, полноповоротный";"true"
"1449";"1398021874";"32";"Трактор промышленный универсальный";"true"
"1451";"1398021874";"34";"Гусеничная роторная дробильная установка";"true"
"1452";"1398021874";"49";"Сваебойная буровая машина";"true"
"1453";"1398021874";"3";"Специализированный, изотермический";"true"
"1454";"1452801140";"49";"Установка горизонтально-направленного бурения ГНБ";"true"
"1455";"1452801140";"49";"Оборудование подъемно-транспортное мобильный подъемник с рабочей платформой";"true"
"1456";"1452801140";"45";"Буровая установка на гусеничном ходу";"true"
"1457";"1486068474";"60";"Кран стреловой самоходный гусеничный";"true"
"1458";"1486068474";"164";"Погрузчик дизельный";"true"
"1459";"1486068474";"15";"Фургон лаборатория";"true"
"1460";"1486068474";"20";"специализированный, для перевозки мототехники";"true"
"1461";"1486068474";"32";"Машина погрузочно-уборочная";"true"
"1462";"1486068474";"36";"Уплотнитель мусора";"true"
"1463";"1569255905";"38";"Каток дорожный одновальцовый";"true"
"1464";"1569255905";"62";"Погрузчик фронтальный одноковшовый на колёсном ходу";"true"
"1465";"1569255905";"31";"Электрический подъёмник ножничного типа";"true"
"1466";"1569255905";"3";"Специализированный, изотермический фургон";"true"
"1467";"1569255905";"162";"Полуприцеп лесовозный специальный";"true"
"1468";"1569255905";"62";"Телескопический фронтальный погрузчик";"true"
"1469";"1569255905";"25";"Специальный, автоэвакуатор";"true"
"1470";"1569255905";"62";"Вилочный автопогрузчик с телескопической стрелой";"true"
"1471";"1569255905";"49";"Ножничный колесный подъемник";"true"
"1472";"1569255905";"21";"Специализированный, прицеп изотермический";"true"
"1473";"1569255905";"28";"Специализированный, прицеп изотермический";"true"
"1474";"1569255905";"31";"Штабелер электрический ричтрак";"true"
"1475";"1569255905";"47";"Машина погрузочно-транспортирующая форвардер";"true"
"1476";"1569255905";"60";"Кран гусеничный телескопический";"true"
"1450";"1730524497";"49";"Тягач терминальный";"true"
"1477";"1729680863";"164";"Автопогрузчик колесный самоходный";"true"
"1478";"1729680863";"35";"Землеройная машина";"true"
"1479";"1729680863";"42";"Холодная дорожная фреза";"true"
"1480";"1729680863";"44";"Снегоочиститель плужный";"true"
"1481";"1729680863";"11";"А/м ломовоз с ГМУ";"true"
"1482";"1729680863";"34";"Самоходный грохот";"true"
